"n_simul","n_vars","prop_censored","target_R2_C","censoring_threshold","mixture_T","mixture_T_type","mixture_T_n_groups","type_pred","algo","type_w","minleaf","maxdepth","max_w_mod","mean_R2","sd_R2","mean_Kendall","sd_Kendall","mean_concordance","sd_concordance","mean_KM_R2","sd_KM_R2","mean_Cox_R2","sd_Cox_R2","mean_RSF_R2","sd_RSF_R2","mean_mse","sd_mse","mean_KM_mse","sd_KM_mse","mean_Cox_mse","sd_Cox_mse","mean_RSF_mse","sd_RSF_mse","mean_R2_20","sd_R2_20","mean_Kendall_20","sd_Kendall_20"
2000,6,0.1,0.05,1000,TRUE,"dependant",NA,"KM_local","w_RF2","Cox",50,4,10,0.01134,0.02156,0.53679,0.01838,0.53669,0.01885,0.01099,0.0232,0.01104,0.0231,0.01161,0.02307,12152.84366,2352.72528,12070.80569,2378.54956,11968.71125,2363.39713,11976.43726,2369.06334,0.14066,0.21505,0.64829,0.06986
2000,6,0.1,0.05,1000,TRUE,"dependant",NA,"KM_local","w_RF2","Cox",50,4,50,0.01191,0.02127,0.53761,0.01805,0.53756,0.01867,0.01149,0.02294,0.01149,0.02282,0.01205,0.02279,12146.62158,2355.42913,12064.95667,2378.02034,11963.91549,2366.07892,11971.72203,2371.12415,0.14199,0.20681,0.64658,0.06526
2000,6,0.1,0.05,1000,TRUE,"dependant",NA,"KM_local","w_RF2","KM",50,4,10,0.01162,0.02175,0.53665,0.01855,0.53653,0.01914,0.01167,0.02338,0.0115,0.02333,0.01205,0.02317,12149.56338,2353.31591,12061.59682,2372.74494,11962.04191,2356.64848,11970.49403,2364.76275,0.14196,0.19977,0.6454,0.06583
2000,6,0.1,0.05,1000,TRUE,"dependant",NA,"KM_local","w_RF2","KM",50,4,50,0.01143,0.02138,0.53688,0.01818,0.53675,0.01871,0.01146,0.02288,0.01125,0.02274,0.01178,0.02257,12151.52274,2352.36139,12063.97083,2371.70472,11965.33448,2358.95789,11973.68602,2365.54712,0.1454,0.21396,0.64991,0.06478
2000,6,0.1,0.05,1000,TRUE,"dependant",NA,"weights_tree","w_RF2","Cox",50,4,10,0.00527,0.02505,0.53529,0.01821,0.53521,0.0187,0.005,0.02684,0.00506,0.02665,0.00532,0.02682,12230.79951,2386.81404,12149.98656,2427.94022,12047.00758,2411.52521,12058.00695,2416.24987,0.05909,0.28601,0.64126,0.06721
2000,6,0.1,0.05,1000,TRUE,"dependant",NA,"weights_tree","w_RF2","Cox",50,4,50,0.00556,0.02486,0.53603,0.01788,0.53596,0.01853,0.00543,0.02668,0.00547,0.02648,0.00572,0.02663,12228.12298,2392.86712,12144.81194,2427.11691,12042.3995,2413.07643,12053.77882,2418.6777,0.0513,0.29173,0.64811,0.06432
2000,6,0.1,0.05,1000,TRUE,"dependant",NA,"weights_tree","w_RF2","KM",50,4,10,0.00493,0.02572,0.53494,0.01824,0.53485,0.01883,0.00551,0.02749,0.00522,0.02738,0.0055,0.02745,12234.72625,2387.52229,12141.62282,2416.25257,12042.94751,2400.11711,12054.18916,2408.00159,0.0409,0.28814,0.6413,0.06924
2000,6,0.1,0.05,1000,TRUE,"dependant",NA,"weights_tree","w_RF2","KM",50,4,50,0.00466,0.0255,0.53515,0.01807,0.53505,0.01854,0.00508,0.02678,0.00475,0.02665,0.00496,0.02667,12238.42779,2391.25906,12147.41809,2420.39384,12049.4278,2406.43393,12061.31518,2412.65744,0.06482,0.28772,0.64336,0.06419
2000,6,0.1,0.05,1000,TRUE,"dependant",NA,NA,"RF_bench",NA,50,4,NA,0.01298,0.01641,0.53632,0.01728,0.53648,0.01787,0.01254,0.01833,0.01277,0.0182,0.01312,0.01841,12143.24802,2400.33288,12061.47958,2416.36414,11957.8256,2403.41196,11967.62231,2405.91384,0.15423,0.16685,0.64893,0.06377
2000,6,0.1,0.05,1000,TRUE,"dependant",NA,NA,"w_RF1","Cox",50,4,10,0.01056,0.0163,0.53359,0.0169,0.53366,0.01765,0.01025,0.01814,0.01042,0.01795,0.01077,0.01813,12171.15357,2393.85015,12089.41666,2420.64662,11986.15546,2407.86629,11996.02685,2409.92861,0.12482,0.16593,0.63761,0.06136
2000,6,0.1,0.05,1000,TRUE,"dependant",NA,NA,"w_RF1","Cox",50,4,50,0.01099,0.01639,0.53355,0.01719,0.53359,0.01797,0.0109,0.01788,0.0111,0.01785,0.01147,0.01798,12165.96553,2393.79146,12081.68016,2420.59638,11977.27802,2402.6334,11987.45175,2407.99233,0.12687,0.16839,0.63722,0.06256
2000,6,0.1,0.05,1000,TRUE,"dependant",NA,NA,"w_RF1","KM",50,4,10,0.01105,0.01733,0.53405,0.01657,0.53409,0.01724,0.01122,0.01897,0.01098,0.01876,0.01144,0.01898,12163.00563,2381.81287,12075.43347,2407.25457,11977.15402,2394.661,11985.93302,2398.85862,0.12875,0.18043,0.64118,0.06096
2000,6,0.1,0.05,1000,TRUE,"dependant",NA,NA,"w_RF1","KM",50,4,50,0.01049,0.01646,0.53336,0.01722,0.5334,0.018,0.01063,0.01815,0.01037,0.01799,0.01087,0.01813,12171.7922,2391.96718,12084.29162,2417.00016,11985.90606,2402.8541,11994.36828,2407.30345,0.12267,0.16507,0.63531,0.06198
2000,6,0.1,0.05,1000,TRUE,"dependant",NA,NA,"w_RF1","RSF",50,4,10,0.01136,0.01617,0.5343,0.0166,0.53429,0.0174,0.01113,0.01798,0.01125,0.01785,0.01166,0.01794,12160.80202,2388.90099,12077.47547,2411.63187,11974.83577,2399.45122,11984.11443,2401.73162,0.12878,0.18035,0.6409,0.06131
2000,6,0.1,0.05,1000,TRUE,"dependant",NA,NA,"w_RF1","RSF",50,4,50,0.01124,0.01637,0.53405,0.01714,0.5339,0.01787,0.01094,0.01838,0.01095,0.01798,0.01143,0.01828,12163.95608,2397.85711,12081.97933,2424.98905,11980.8632,2413.79252,11989.02801,2414.65985,0.12706,0.18122,0.63664,0.0657
2000,6,0.1,0.05,1000,TRUE,"dependant",NA,NA,"w_gam","Cox",NA,NA,10,0.01112,0.01834,0.53527,0.01845,0.53531,0.01875,0.01069,0.02106,0.01066,0.02032,0.01094,0.02009,12162.7227,2388.61591,12081.33831,2410.98916,11979.94688,2395.79944,11990.77917,2397.60123,0.11799,0.17886,0.63495,0.07036
2000,6,0.1,0.05,1000,TRUE,"dependant",NA,NA,"w_gam","Cox",NA,NA,50,0.01112,0.01834,0.53527,0.01845,0.53531,0.01875,0.01069,0.02106,0.01066,0.02032,0.01094,0.02009,12162.7227,2388.61591,12081.33831,2410.98916,11979.94688,2395.79944,11990.77917,2397.60123,0.11799,0.17886,0.63495,0.07036
2000,6,0.1,0.05,1000,TRUE,"dependant",NA,NA,"w_gam","KM",NA,NA,10,0.01029,0.01915,0.53502,0.01846,0.53503,0.0188,0.01074,0.02181,0.00986,0.02123,0.01027,0.02108,12171.15603,2381.16299,12078.58844,2399.68545,11987.88815,2388.37031,11996.95692,2389.08198,0.08731,0.20828,0.62978,0.07068
2000,6,0.1,0.05,1000,TRUE,"dependant",NA,NA,"w_gam","KM",NA,NA,50,0.01029,0.01915,0.53502,0.01846,0.53503,0.0188,0.01074,0.02181,0.00986,0.02123,0.01027,0.02108,12171.15603,2381.16299,12078.58844,2399.68545,11987.88815,2388.37031,11996.95692,2389.08198,0.08731,0.20828,0.62978,0.07068
2000,6,0.1,0.05,1000,TRUE,"dependant",NA,NA,"w_gam","RSF",NA,NA,10,0.01137,0.01838,0.53559,0.01842,0.5356,0.0187,0.01113,0.02133,0.01083,0.02066,0.01118,0.02042,12158.80714,2383.50928,12074.88849,2405.20245,11977.05613,2391.43661,11986.93011,2392.52927,0.11929,0.18426,0.63987,0.07037
2000,6,0.1,0.05,1000,TRUE,"dependant",NA,NA,"w_gam","RSF",NA,NA,50,0.01137,0.01838,0.53559,0.01842,0.5356,0.0187,0.01113,0.02133,0.01083,0.02066,0.01118,0.02042,12158.80714,2383.50928,12074.88849,2405.20245,11977.05613,2391.43661,11986.93011,2392.52927,0.11929,0.18426,0.63987,0.07037
2000,6,0.1,0.05,1000,TRUE,"dependant",NA,NA,"rsf_reg",NA,50,4,NA,0.00975,0.01669,0.53624,0.01776,0.53636,0.01829,0.00928,0.01779,0.00921,0.01788,0.00983,0.01796,12175.66261,2368.4387,12094.60957,2390.02068,11994.38391,2378.96456,12000.98725,2380.52998,0.12609,0.17605,0.63869,0.0666
2000,6,0.1,0.05,1000,TRUE,"dependant",NA,NA,"cox_reg",NA,NA,NA,NA,0.00865,0.02062,0.53658,0.0182,0.53658,0.01854,0.00764,0.02355,0.0075,0.02325,0.00812,0.02303,12184.45291,2354.39167,12108.6898,2375.22808,12008.76249,2362.0924,12015.37222,2361.9942,0.10695,0.22449,0.63997,0.0686
2000,6,0.1,0.1,1000,TRUE,"dependant",NA,"KM_local","w_RF2","Cox",50,4,10,0.00964,0.01976,0.53609,0.01816,0.5362,0.01861,0.01019,0.0196,0.00927,0.02059,0.00995,0.01993,12006.54652,2418.45711,11874.65868,2520.81496,11743.51515,2486.86543,11694.26746,2471.46089,0.12539,0.21782,0.64479,0.0672
2000,6,0.1,0.1,1000,TRUE,"dependant",NA,"KM_local","w_RF2","Cox",50,4,50,0.01025,0.02012,0.53678,0.01801,0.53695,0.0186,0.01096,0.02043,0.01002,0.02146,0.01067,0.02081,11999.07435,2416.13421,11865.16757,2518.77743,11734.48869,2485.36001,11685.66326,2470.25023,0.1292,0.21515,0.649,0.06416
2000,6,0.1,0.1,1000,TRUE,"dependant",NA,"KM_local","w_RF2","KM",50,4,10,0.00999,0.01986,0.53641,0.01803,0.53657,0.0185,0.01135,0.01995,0.00987,0.02096,0.01065,0.02028,12001.10504,2409.52991,11859.89284,2512.56844,11735.46581,2480.00869,11684.81052,2462.93296,0.12834,0.22269,0.65182,0.06724
2000,6,0.1,0.1,1000,TRUE,"dependant",NA,"KM_local","w_RF2","KM",50,4,50,0.00992,0.02003,0.53656,0.01825,0.5367,0.01875,0.01127,0.02018,0.00979,0.02124,0.01062,0.02067,12002.9433,2415.52922,11861.90275,2517.533,11737.205,2483.19546,11685.99497,2466.41609,0.1497,0.21425,0.65217,0.06631
2000,6,0.1,0.1,1000,TRUE,"dependant",NA,"weights_tree","w_RF2","Cox",50,4,10,0.00199,0.02324,0.53439,0.01819,0.53454,0.01853,0.003,0.02299,0.00184,0.02421,0.00241,0.02381,12106.05972,2480.22689,11968.63895,2583.06177,11838.86194,2549.03737,11790.70404,2534.99953,0.03386,0.2607,0.64526,0.06567
2000,6,0.1,0.1,1000,TRUE,"dependant",NA,"weights_tree","w_RF2","Cox",50,4,50,0.00265,0.02349,0.53523,0.01821,0.53541,0.01877,0.00389,0.02383,0.0027,0.02501,0.00325,0.02462,12097.63452,2479.34134,11957.14267,2580.70299,11828.22391,2547.62129,11780.18609,2532.55168,0.03201,0.28504,0.64363,0.06706
2000,6,0.1,0.1,1000,TRUE,"dependant",NA,"weights_tree","w_RF2","KM",50,4,10,0.00156,0.0237,0.53465,0.0181,0.53484,0.01846,0.00384,0.02351,0.00158,0.0248,0.00239,0.0242,12108.77413,2469.48866,11956.7241,2572.04317,11840.03825,2540.24973,11788.68127,2523.57534,0.01655,0.27125,0.6421,0.06862
2000,6,0.1,0.1,1000,TRUE,"dependant",NA,"weights_tree","w_RF2","KM",50,4,50,0.00152,0.02343,0.5346,0.01812,0.53471,0.01854,0.00371,0.02336,0.00155,0.02464,0.00241,0.0242,12110.19464,2470.42723,11958.73511,2570.92851,11840.57886,2537.45253,11788.85033,2521.80382,0.03348,0.26208,0.64232,0.06563
2000,6,0.1,0.1,1000,TRUE,"dependant",NA,NA,"RF_bench",NA,50,4,NA,0.01297,0.01428,0.53635,0.0173,0.53669,0.01749,0.01358,0.01508,0.01318,0.01503,0.01356,0.01461,11968.57321,2409.66907,11833.77039,2498.91114,11697.46777,2465.2477,11651.56304,2449.37369,0.15753,0.15149,0.64633,0.06426
2000,6,0.1,0.1,1000,TRUE,"dependant",NA,NA,"w_RF1","Cox",50,4,10,0.01116,0.01467,0.53426,0.01759,0.53453,0.01778,0.01148,0.01461,0.01092,0.01476,0.01136,0.01428,11991.91453,2423.1804,11860.83958,2513.18128,11725.85195,2478.48188,11678.94784,2461.82952,0.13455,0.17192,0.63913,0.06757
2000,6,0.1,0.1,1000,TRUE,"dependant",NA,NA,"w_RF1","Cox",50,4,50,0.0116,0.01478,0.5345,0.01754,0.53476,0.01783,0.01198,0.01526,0.0114,0.01549,0.0119,0.01496,11985.24872,2412.25836,11853.75544,2507.03771,11718.95866,2472.5804,11671.7146,2456.93561,0.13297,0.17695,0.63986,0.06241
2000,6,0.1,0.1,1000,TRUE,"dependant",NA,NA,"w_RF1","KM",50,4,10,0.01096,0.01481,0.53336,0.01816,0.53366,0.01847,0.01261,0.01532,0.0111,0.01557,0.01176,0.01505,11992.3362,2409.06695,11845.7945,2500.9525,11721.73737,2465.75856,11672.61754,2450.46994,0.12256,0.17364,0.63262,0.06758
2000,6,0.1,0.1,1000,TRUE,"dependant",NA,NA,"w_RF1","KM",50,4,50,0.0109,0.01484,0.53342,0.01786,0.53364,0.01825,0.0125,0.01498,0.01105,0.01516,0.01174,0.01482,11994.31782,2417.72252,11847.51471,2502.78428,11723.16607,2469.96204,11673.4323,2453.08429,0.12217,0.17826,0.63601,0.07066
2000,6,0.1,0.1,1000,TRUE,"dependant",NA,NA,"w_RF1","RSF",50,4,10,0.01165,0.01484,0.53431,0.01765,0.53462,0.01803,0.01231,0.01552,0.01152,0.01555,0.01204,0.01502,11984.69597,2413.10082,11849.89638,2505.8106,11717.64757,2471.33472,11669.95149,2454.61838,0.14393,0.16154,0.64011,0.06369
2000,6,0.1,0.1,1000,TRUE,"dependant",NA,NA,"w_RF1","RSF",50,4,50,0.01173,0.01476,0.53455,0.01772,0.5347,0.01799,0.01236,0.01549,0.01158,0.0156,0.01211,0.01513,11983.85893,2414.04504,11849.03661,2504.78547,11716.79829,2471.09736,11668.90295,2454.08452,0.15205,0.1728,0.64228,0.07044
2000,6,0.1,0.1,1000,TRUE,"dependant",NA,NA,"w_gam","Cox",NA,NA,10,0.01063,0.01806,0.53504,0.01895,0.53533,0.01904,0.01073,0.01894,0.01036,0.01864,0.01064,0.01781,11991.7714,2382.40681,11864.01177,2482.64354,11727.90658,2454.07131,11682.77355,2435.61049,0.10917,0.21956,0.6375,0.07406
2000,6,0.1,0.1,1000,TRUE,"dependant",NA,NA,"w_gam","Cox",NA,NA,50,0.01063,0.01806,0.53504,0.01895,0.53533,0.01904,0.01073,0.01894,0.01036,0.01864,0.01064,0.01781,11991.7714,2382.40681,11864.01177,2482.64354,11727.90658,2454.07131,11682.77355,2435.61049,0.10917,0.21956,0.6375,0.07406
2000,6,0.1,0.1,1000,TRUE,"dependant",NA,NA,"w_gam","KM",NA,NA,10,0.00876,0.01836,0.53392,0.01912,0.53415,0.0193,0.01111,0.01879,0.00862,0.01929,0.00954,0.01822,12014.69676,2387.66477,11860.31568,2484.55798,11748.96807,2459.99811,11696.26196,2439.91863,0.08105,0.2179,0.6339,0.07217
2000,6,0.1,0.1,1000,TRUE,"dependant",NA,NA,"w_gam","KM",NA,NA,50,0.00876,0.01836,0.53392,0.01912,0.53415,0.0193,0.01111,0.01879,0.00862,0.01929,0.00954,0.01822,12014.69676,2387.66477,11860.31568,2484.55798,11748.96807,2459.99811,11696.26196,2439.91863,0.08105,0.2179,0.6339,0.07217
2000,6,0.1,0.1,1000,TRUE,"dependant",NA,NA,"w_gam","RSF",NA,NA,10,0.01039,0.01773,0.53491,0.01884,0.53519,0.01897,0.01123,0.01841,0.01018,0.01846,0.01071,0.01753,11995.59726,2388.92499,11858.85019,2486.12995,11730.73207,2458.80757,11682.67469,2439.45859,0.09671,0.21528,0.63685,0.07097
2000,6,0.1,0.1,1000,TRUE,"dependant",NA,NA,"w_gam","RSF",NA,NA,50,0.01039,0.01773,0.53491,0.01884,0.53519,0.01897,0.01123,0.01841,0.01018,0.01846,0.01071,0.01753,11995.59726,2388.92499,11858.85019,2486.12995,11730.73207,2458.80757,11682.67469,2439.45859,0.09671,0.21528,0.63685,0.07097
2000,6,0.1,0.1,1000,TRUE,"dependant",NA,NA,"rsf_reg",NA,50,4,NA,0.00969,0.0151,0.53571,0.01817,0.53604,0.01826,0.00959,0.01531,0.00888,0.0155,0.00937,0.01509,12001.83507,2381.43446,11873.24246,2465.235,11739.83209,2430.58151,11692.64095,2415.65692,0.13376,0.14568,0.63846,0.06808
2000,6,0.1,0.1,1000,TRUE,"dependant",NA,NA,"cox_reg",NA,NA,NA,NA,0.00775,0.01994,0.53592,0.01868,0.5362,0.01891,0.0076,0.02028,0.00689,0.02074,0.00741,0.01983,12021.16996,2367.70836,11894.76434,2462.6013,11761.65813,2431.76434,11714.25786,2415.37478,0.11185,0.22305,0.64498,0.07125
2000,6,0.3,0.05,1000,TRUE,"dependant",NA,"KM_local","w_RF2","Cox",50,4,10,-0.00811,0.02541,0.5314,0.017,0.53253,0.01855,-0.01427,0.0332,-0.01601,0.03609,-0.01682,0.03451,12289.27032,2382.50665,11632.40327,2715.4006,11253.74276,2694.63806,11027.05463,2450.814,0.02285,0.13321,0.59995,0.05664
2000,6,0.3,0.05,1000,TRUE,"dependant",NA,"KM_local","w_RF2","Cox",50,4,50,-0.00728,0.02501,0.53204,0.01746,0.53312,0.01926,-0.01282,0.03248,-0.01449,0.03544,-0.0157,0.03321,12280.86533,2389.11862,11619.47707,2728.07791,11237.90958,2689.95351,11018.08444,2462.71415,0.02982,0.12574,0.59847,0.06277
2000,6,0.3,0.05,1000,TRUE,"dependant",NA,"KM_local","w_RF2","KM",50,4,10,-0.00794,0.02527,0.53153,0.01778,0.5324,0.01961,-0.01284,0.03259,-0.0153,0.03539,-0.01594,0.03336,12288.49625,2388.73078,11616.95599,2714.63277,11248.03594,2702.5169,11020.33605,2462.21877,0.02462,0.13073,0.59745,0.05506
2000,6,0.3,0.05,1000,TRUE,"dependant",NA,"KM_local","w_RF2","KM",50,4,50,-0.00756,0.02544,0.5316,0.01759,0.53262,0.01948,-0.01234,0.03305,-0.01467,0.03574,-0.01558,0.03394,12283.08778,2382.62258,11611.71492,2714.36174,11241.46369,2697.30595,11016.24089,2458.79132,0.02546,0.13506,0.60016,0.05994
2000,6,0.3,0.05,1000,TRUE,"dependant",NA,"weights_tree","w_RF2","Cox",50,4,10,-0.00731,0.01951,0.52907,0.0164,0.53024,0.01827,-0.00595,0.0263,-0.00687,0.02571,-0.00749,0.02614,12297.94791,2472.59692,11571.29903,2834.8057,11192.38687,2835.73809,10961.14411,2585.12454,-0.20485,0.17896,0.58851,0.05979
2000,6,0.3,0.05,1000,TRUE,"dependant",NA,"weights_tree","w_RF2","Cox",50,4,50,-0.00657,0.0193,0.52924,0.01662,0.53027,0.01863,-0.00504,0.02581,-0.00553,0.02551,-0.00657,0.02526,12290.24867,2477.40074,11563.82611,2844.89387,11177.29224,2826.44829,10953.89155,2594.93921,-0.19053,0.18731,0.58929,0.06122
2000,6,0.3,0.05,1000,TRUE,"dependant",NA,"weights_tree","w_RF2","KM",50,4,10,-0.00942,0.02158,0.52754,0.01669,0.52823,0.01887,-0.00569,0.02797,-0.00921,0.02793,-0.00893,0.02768,12322.26552,2470.65578,11563.91406,2817.0724,11213.24873,2819.42185,10974.63953,2582.38778,-0.22156,0.18596,0.57762,0.05857
2000,6,0.3,0.05,1000,TRUE,"dependant",NA,"weights_tree","w_RF2","KM",50,4,50,-0.00907,0.0221,0.5279,0.01681,0.52889,0.01916,-0.00548,0.02859,-0.00912,0.02848,-0.00859,0.02891,12318.50604,2473.77145,11566.69468,2837.22149,11219.99198,2853.60393,10974.3808,2594.08676,-0.21906,0.20582,0.57937,0.06026
2000,6,0.3,0.05,1000,TRUE,"dependant",NA,NA,"RF_bench",NA,50,4,NA,0.01486,0.01545,0.53654,0.0179,0.53724,0.02005,0.01221,0.02083,0.01206,0.02146,0.01209,0.01978,12025.9928,2415.28979,11356.38344,2748.30218,10974.86136,2747.63531,10742.15754,2498.02449,-0.00433,0.13831,0.60882,0.06105
2000,6,0.3,0.05,1000,TRUE,"dependant",NA,NA,"w_RF1","Cox",50,4,10,0.00403,0.0145,0.5278,0.01603,0.52861,0.01802,0.00329,0.02034,0.00336,0.02093,0.00282,0.01967,12162.17763,2459.11019,11467.2435,2820.15925,11077.62885,2798.01791,10850.34596,2562.21595,-0.09981,0.15405,0.58742,0.05863
2000,6,0.3,0.05,1000,TRUE,"dependant",NA,NA,"w_RF1","Cox",50,4,50,0.00392,0.01467,0.52746,0.01604,0.52828,0.01811,0.00328,0.02093,0.00312,0.02188,0.00264,0.02041,12162.66512,2458.15149,11465.80384,2813.46015,11078.07547,2791.92662,10850.88906,2561.40754,-0.10791,0.16779,0.58669,0.0568
2000,6,0.3,0.05,1000,TRUE,"dependant",NA,NA,"w_RF1","KM",50,4,10,0.00132,0.01557,0.52633,0.01594,0.52703,0.01752,0.00441,0.02206,0.00074,0.02243,0.00148,0.02115,12192.81622,2457.40271,11449.3922,2795.01974,11102.65522,2791.15925,10860.52178,2548.93157,-0.12808,0.1679,0.57494,0.05587
2000,6,0.3,0.05,1000,TRUE,"dependant",NA,NA,"w_RF1","KM",50,4,50,0.00143,0.01633,0.52602,0.01615,0.52672,0.01786,0.00411,0.02249,0.00042,0.02275,0.0011,0.02185,12191.26295,2455.2071,11452.12439,2791.69433,11105.82123,2787.16558,10864.36847,2545.52986,-0.11516,0.17578,0.57339,0.06091
2000,6,0.3,0.05,1000,TRUE,"dependant",NA,NA,"w_RF1","RSF",50,4,10,0.00423,0.01435,0.5279,0.01645,0.52884,0.01843,0.00482,0.02001,0.004,0.02067,0.00366,0.01912,12159.41497,2461.80436,11446.49139,2799.77301,11067.07811,2780.33151,10837.70669,2542.80157,-0.10321,0.16731,0.58477,0.06209
2000,6,0.3,0.05,1000,TRUE,"dependant",NA,NA,"w_RF1","RSF",50,4,50,0.00483,0.01425,0.52806,0.01621,0.52886,0.01827,0.00572,0.02002,0.00507,0.02099,0.00474,0.01946,12151.75714,2458.52307,11435.99568,2798.70627,11053.56,2768.69711,10825.2442,2540.51445,-0.10581,0.15095,0.5795,0.05936
2000,6,0.3,0.05,1000,TRUE,"dependant",NA,NA,"w_gam","Cox",NA,NA,10,0.00492,0.01792,0.53089,0.01929,0.53173,0.02173,0.00317,0.02549,0.00303,0.02529,0.00341,0.02203,12152.13435,2481.16954,11468.80268,2829.14542,11078.46758,2789.72311,10841.48113,2553.59677,-0.08808,0.19141,0.58682,0.0675
2000,6,0.3,0.05,1000,TRUE,"dependant",NA,NA,"w_gam","Cox",NA,NA,50,0.00438,0.01842,0.53068,0.01948,0.53159,0.02188,0.00231,0.02584,0.0023,0.02564,0.00256,0.0224,12157.84267,2479.17075,11478.10573,2828.86946,11085.68129,2787.50474,10850.2651,2553.29419,-0.0833,0.18606,0.58553,0.068
2000,6,0.3,0.05,1000,TRUE,"dependant",NA,NA,"w_gam","KM",NA,NA,10,-0.00381,0.02482,0.52764,0.01952,0.52819,0.02162,0.00339,0.0282,-0.00594,0.03142,-0.00216,0.0281,12255.54021,2495.13856,11457.91592,2788.73391,11172.0977,2795.40904,10895.20884,2539.27674,-0.14352,0.20095,0.57238,0.06535
2000,6,0.3,0.05,1000,TRUE,"dependant",NA,NA,"w_gam","KM",NA,NA,50,-0.00382,0.02483,0.52764,0.01953,0.52819,0.02163,0.00337,0.02823,-0.00596,0.03144,-0.00218,0.02813,12255.67183,2495.25064,11458.1302,2788.77338,11172.33317,2795.49693,10895.43257,2539.36808,-0.14467,0.20158,0.57218,0.06537
2000,6,0.3,0.05,1000,TRUE,"dependant",NA,NA,"w_gam","RSF",NA,NA,10,0.00494,0.01888,0.53121,0.0193,0.53194,0.02165,0.00597,0.02539,0.00339,0.02605,0.0049,0.02324,12150.04276,2477.43958,11434.79703,2818.11246,11073.10066,2791.41706,10822.88665,2545.16841,-0.08969,0.17751,0.58789,0.0681
2000,6,0.3,0.05,1000,TRUE,"dependant",NA,NA,"w_gam","RSF",NA,NA,50,0.00484,0.01883,0.53119,0.01927,0.53194,0.02163,0.00577,0.02535,0.00329,0.02595,0.00472,0.02321,12151.08897,2476.57158,11436.4782,2816.30215,11073.91948,2790.28807,10824.23933,2543.46991,-0.08803,0.17732,0.58857,0.0675
2000,6,0.3,0.05,1000,TRUE,"dependant",NA,NA,"rsf_reg",NA,50,4,NA,0.00643,0.01826,0.5334,0.01824,0.53405,0.02007,0.00011,0.02504,-0.00043,0.02746,-0.00071,0.02529,12120.37782,2392.89407,11479.82458,2720.82401,11091.5089,2687.54343,10862.45341,2445.54713,0.03637,0.12206,0.59838,0.06539
2000,6,0.3,0.05,1000,TRUE,"dependant",NA,NA,"cox_reg",NA,NA,NA,NA,0.00678,0.02031,0.53618,0.01812,0.53706,0.02057,8e-05,0.03038,0.00027,0.03326,0,0.03061,12117.61808,2408.208,11479.25448,2722.38625,11083.42056,2696.40959,10853.66584,2450.59762,0.03784,0.15378,0.60517,0.06715
2000,6,0.3,0.1,1000,TRUE,"dependant",NA,"KM_local","w_RF2","Cox",50,4,10,-0.00951,0.02705,0.53008,0.01792,0.53011,0.01927,-0.01007,0.03508,-0.01905,0.03812,-0.01825,0.0365,12385.25332,2403.69723,12049.61526,3261.87595,11464.37527,3516.75272,11286.25217,3066.87269,0.02215,0.11675,0.59329,0.05952
2000,6,0.3,0.1,1000,TRUE,"dependant",NA,"KM_local","w_RF2","Cox",50,4,50,-0.00985,0.02628,0.52985,0.01841,0.53017,0.01951,-0.01014,0.03308,-0.01954,0.03641,-0.01833,0.03492,12391.04607,2416.21149,12057.34931,3290.82359,11474.75341,3533.19397,11291.03352,3081.55641,0.00874,0.11118,0.59625,0.05951
2000,6,0.3,0.1,1000,TRUE,"dependant",NA,"KM_local","w_RF2","KM",50,4,10,-0.01011,0.02755,0.52997,0.01754,0.53023,0.01898,-0.0079,0.03579,-0.01918,0.03793,-0.0173,0.03694,12395.12108,2420.54445,12030.58811,3299.89195,11475.70271,3573.99334,11282.44549,3104.21591,0.0094,0.12079,0.59021,0.06335
2000,6,0.3,0.1,1000,TRUE,"dependant",NA,"KM_local","w_RF2","KM",50,4,50,-0.00929,0.02762,0.5304,0.01809,0.53067,0.01979,-0.00726,0.03498,-0.01876,0.03813,-0.01688,0.03677,12385.67757,2424.78,12022.52228,3289.74806,11468.59937,3544.46167,11276.71993,3091.70762,0.00431,0.11899,0.58513,0.06039
2000,6,0.3,0.1,1000,TRUE,"dependant",NA,"weights_tree","w_RF2","Cox",50,4,10,-0.00735,0.02176,0.5305,0.01783,0.53089,0.01929,0.00238,0.02919,-0.00565,0.027,-0.00369,0.02618,12379.94088,2503.26145,11936.25388,3357.19752,11354.8791,3618.5292,11161.54233,3161.79856,-0.24184,0.19762,0.58184,0.06843
2000,6,0.3,0.1,1000,TRUE,"dependant",NA,"weights_tree","w_RF2","Cox",50,4,50,-0.00746,0.02139,0.53088,0.01725,0.53149,0.01885,0.0019,0.02866,-0.00639,0.02624,-0.00414,0.02581,12382.9453,2516.06343,11946.29293,3374.14912,11366.25387,3630.61014,11169.14038,3173.53668,-0.2524,0.19272,0.58353,0.06562
2000,6,0.3,0.1,1000,TRUE,"dependant",NA,"weights_tree","w_RF2","KM",50,4,10,-0.01031,0.02278,0.52923,0.01768,0.52959,0.01955,0.00626,0.03225,-0.00905,0.02883,-0.00459,0.02918,12415.99654,2506.45389,11887.66031,3341.75334,11396.94433,3656.7531,11171.37538,3167.35738,-0.25618,0.16894,0.58216,0.05842
2000,6,0.3,0.1,1000,TRUE,"dependant",NA,"weights_tree","w_RF2","KM",50,4,50,-0.00949,0.0229,0.52939,0.01836,0.52997,0.02002,0.00693,0.0321,-0.00828,0.02988,-0.00405,0.02973,12405.46394,2501.2064,11875.97535,3311.17799,11381.859,3604.03314,11161.23092,3140.16129,-0.27845,0.19114,0.57358,0.0621
2000,6,0.3,0.1,1000,TRUE,"dependant",NA,NA,"RF_bench",NA,50,4,NA,0.01453,0.01434,0.53637,0.01704,0.53623,0.01875,0.01595,0.0216,0.01265,0.02042,0.01327,0.01885,12105.91254,2413.40063,11773.10501,3297.18285,11149.20525,3582.79314,10974.28665,3122.95928,-0.02865,0.11678,0.59736,0.05859
2000,6,0.3,0.1,1000,TRUE,"dependant",NA,NA,"w_RF1","Cox",50,4,10,0.00534,0.01649,0.53017,0.0183,0.53068,0.02012,0.0101,0.02375,0.00578,0.02128,0.00714,0.02093,12224.3193,2471.39492,11854.03673,3365.72899,11235.45391,3641.9826,11048.49963,3165.72049,-0.11853,0.15976,0.58864,0.06348
2000,6,0.3,0.1,1000,TRUE,"dependant",NA,NA,"w_RF1","Cox",50,4,50,0.00491,0.01633,0.52992,0.01773,0.53009,0.01968,0.00967,0.02295,0.00552,0.02097,0.00648,0.02053,12229.20477,2469.14669,11857.04826,3359.44304,11237.27987,3643.02144,11054.90147,3164.2251,-0.14361,0.16414,0.58342,0.06524
2000,6,0.3,0.1,1000,TRUE,"dependant",NA,NA,"w_RF1","KM",50,4,10,0.00235,0.01759,0.52795,0.01789,0.5282,0.01953,0.01501,0.02615,0.00256,0.02294,0.0062,0.02261,12258.937,2467.72651,11790.96951,3336.39369,11276.73964,3697.69305,11060.2658,3185.04956,-0.15653,0.15075,0.57002,0.06094
2000,6,0.3,0.1,1000,TRUE,"dependant",NA,NA,"w_RF1","KM",50,4,50,0.00267,0.01757,0.52786,0.01753,0.52819,0.01948,0.01508,0.02677,0.00327,0.02397,0.00641,0.02339,12254.54697,2463.02124,11784.76276,3313.58311,11262.32829,3664.42016,11052.68612,3159.26474,-0.1585,0.14238,0.57174,0.06252
2000,6,0.3,0.1,1000,TRUE,"dependant",NA,NA,"w_RF1","RSF",50,4,10,0.00563,0.01645,0.53023,0.0182,0.53038,0.02036,0.01295,0.02443,0.00566,0.02102,0.00823,0.02072,12217.54849,2447.8389,11817.09561,3344.35744,11240.98871,3673.85856,11039.12751,3184.89332,-0.13103,0.15347,0.58222,0.06239
2000,6,0.3,0.1,1000,TRUE,"dependant",NA,NA,"w_RF1","RSF",50,4,50,0.00577,0.01606,0.53002,0.0175,0.53021,0.01976,0.01261,0.0244,0.00561,0.02089,0.00776,0.02076,12218.05786,2461.27824,11822.2081,3356.66724,11244.32373,3704.58998,11045.16021,3192.4906,-0.12781,0.15245,0.58299,0.0631
2000,6,0.3,0.1,1000,TRUE,"dependant",NA,NA,"w_gam","Cox",NA,NA,10,0.00689,0.01801,0.533,0.01859,0.53307,0.01973,0.01467,0.03138,0.00574,0.02831,0.00934,0.02665,12198.94928,2432.86167,11784.09277,3292.67518,11214.81375,3538.71243,11008.62463,3091.66375,-0.12256,0.17293,0.58073,0.06191
2000,6,0.3,0.1,1000,TRUE,"dependant",NA,NA,"w_gam","Cox",NA,NA,50,0.00607,0.01833,0.53263,0.0184,0.53272,0.01954,0.01298,0.03223,0.00457,0.03004,0.00797,0.02783,12209.5414,2437.68859,11804.42216,3297.70382,11226.79841,3538.05374,11023.58687,3093.67922,-0.1193,0.17566,0.58036,0.06251
2000,6,0.3,0.1,1000,TRUE,"dependant",NA,NA,"w_gam","KM",NA,NA,10,-0.00862,0.02561,0.52893,0.01854,0.52954,0.01935,0.02042,0.03456,-0.00879,0.03383,0.00099,0.03186,12382.02848,2438.06512,11702.93576,3221.59552,11372.27652,3568.46216,11092.60659,3083.76721,-0.24056,0.20527,0.56536,0.06416
2000,6,0.3,0.1,1000,TRUE,"dependant",NA,NA,"w_gam","KM",NA,NA,50,-0.00898,0.02638,0.52887,0.01852,0.5295,0.01931,0.02029,0.03502,-0.00905,0.03426,0.00075,0.03243,12385.76683,2436.89713,11703.42357,3217.02654,11374.23249,3564.73168,11094.01662,3077.43373,-0.24175,0.20837,0.56451,0.06462
2000,6,0.3,0.1,1000,TRUE,"dependant",NA,NA,"w_gam","RSF",NA,NA,10,0.00617,0.01846,0.53365,0.01803,0.53378,0.0194,0.02044,0.03084,0.00499,0.02684,0.01123,0.02544,12206.70198,2426.22428,11713.43882,3262.87685,11229.4988,3577.25198,10989.55612,3095.88893,-0.11883,0.17913,0.58376,0.06395
2000,6,0.3,0.1,1000,TRUE,"dependant",NA,NA,"w_gam","RSF",NA,NA,50,0.00609,0.01853,0.53363,0.01802,0.53377,0.01939,0.02029,0.03087,0.00486,0.02687,0.0111,0.02547,12207.64968,2426.45534,11715.22905,3262.81574,11230.92651,3577.63429,10990.92764,3095.94824,-0.11566,0.17846,0.58456,0.06407
2000,6,0.3,0.1,1000,TRUE,"dependant",NA,NA,"rsf_reg",NA,50,4,NA,0.00497,0.01711,0.53335,0.01706,0.5334,0.01853,0.0035,0.02458,-0.00248,0.02376,-0.00123,0.02254,12216.23888,2402.45655,11910.13648,3296.68116,11308.31265,3603.07498,11123.15056,3121.55993,0.02257,0.10784,0.58979,0.06405
2000,6,0.3,0.1,1000,TRUE,"dependant",NA,NA,"cox_reg",NA,NA,NA,NA,0.00735,0.02144,0.53736,0.01769,0.53757,0.01867,0.01037,0.03378,0.00181,0.03381,0.00436,0.03168,12183.8704,2384.52642,11817.28954,3234.54908,11242.48453,3503.1258,11048.47756,3050.39584,0.03173,0.14882,0.60766,0.06167
2000,6,0.5,0.05,1000,TRUE,"dependant",NA,"KM_local","w_RF2","Cox",50,4,10,-0.20969,0.13424,0.50855,0.01882,0.50773,0.02124,-0.35891,0.27303,-0.44038,0.32369,-0.43166,0.29248,14521.49924,2646.44967,12504.43164,2709.9826,11936.05076,2381.65403,11756.16813,2419.45875,-0.05052,0.07913,0.52198,0.06034
2000,6,0.5,0.05,1000,TRUE,"dependant",NA,"KM_local","w_RF2","Cox",50,4,50,-0.21969,0.14351,0.5089,0.0192,0.50831,0.02224,-0.37566,0.28251,-0.45963,0.33242,-0.45144,0.30341,14645.00966,2747.71649,12661.49934,2787.24846,12097.68856,2472.82472,11916.02207,2492.71039,-0.03657,0.0815,0.52891,0.05635
2000,6,0.5,0.05,1000,TRUE,"dependant",NA,"KM_local","w_RF2","KM",50,4,10,-0.2262,0.14805,0.50931,0.01911,0.50908,0.02107,-0.38187,0.29486,-0.46648,0.34691,-0.45814,0.31641,14710.87634,2718.13429,12690.76653,2767.25184,12132.48056,2472.15549,11950.74539,2490.34057,-0.05397,0.10489,0.52573,0.06067
2000,6,0.5,0.05,1000,TRUE,"dependant",NA,"KM_local","w_RF2","KM",50,4,50,-0.22944,0.14618,0.50974,0.01864,0.50914,0.02118,-0.39061,0.30131,-0.47605,0.35041,-0.46731,0.31873,14753.02029,2733.35894,12751.75368,2727.18475,12200.64448,2448.58782,12018.06976,2476.72145,-0.05934,0.10858,0.52736,0.07035
2000,6,0.5,0.05,1000,TRUE,"dependant",NA,"weights_tree","w_RF2","Cox",50,4,10,-0.05046,0.02495,0.52113,0.01846,0.52123,0.02206,-0.03545,0.05164,-0.04848,0.04831,-0.04292,0.04523,12720.15983,2570.99629,9940.98555,3196.7218,9133.14261,2954.28491,8924.84827,2722.19749,-0.59149,0.17075,0.53026,0.05996
2000,6,0.5,0.05,1000,TRUE,"dependant",NA,"weights_tree","w_RF2","Cox",50,4,50,-0.04967,0.02542,0.52023,0.01897,0.52006,0.02351,-0.03601,0.05262,-0.04988,0.04968,-0.04388,0.0472,12710.93585,2575.89655,9937.9619,3162.04461,9137.15357,2931.5138,8924.08174,2682.97067,-0.58187,0.1691,0.52771,0.06019
2000,6,0.5,0.05,1000,TRUE,"dependant",NA,"weights_tree","w_RF2","KM",50,4,10,-0.05007,0.02447,0.52107,0.018,0.52107,0.0218,-0.02692,0.05317,-0.04886,0.05403,-0.04091,0.0486,12710.94342,2548.65046,9846.05695,3122.56921,9133.18961,2961.01227,8902.00807,2694.84644,-0.56951,0.1484,0.52489,0.05925
2000,6,0.5,0.05,1000,TRUE,"dependant",NA,"weights_tree","w_RF2","KM",50,4,50,-0.05033,0.02449,0.52,0.01809,0.51993,0.02216,-0.03063,0.05549,-0.05253,0.05327,-0.04526,0.04851,12714.42483,2553.12137,9879.41249,3136.1827,9161.01856,2953.93098,8936.93396,2704.84566,-0.58883,0.17182,0.52012,0.05224
2000,6,0.5,0.05,1000,TRUE,"dependant",NA,NA,"RF_bench",NA,50,4,NA,0.01404,0.01387,0.53648,0.01576,0.53708,0.01949,0.00056,0.04034,-0.00865,0.04175,-0.0045,0.03928,11927.79808,2332.82598,9549.96567,2919.03887,8723.96504,2619.73608,8549.42348,2460.01016,-0.2545,0.12063,0.5694,0.05489
2000,6,0.5,0.05,1000,TRUE,"dependant",NA,NA,"w_RF1","Cox",50,4,10,-0.02612,0.01962,0.52045,0.01831,0.52074,0.02176,-0.01251,0.04293,-0.02129,0.03838,-0.01632,0.03635,12425.07624,2500.99293,9726.41723,3158.16548,8893.47992,2873.56586,8699.60894,2660.30523,-0.48078,0.15903,0.52954,0.05292
2000,6,0.5,0.05,1000,TRUE,"dependant",NA,NA,"w_RF1","Cox",50,4,50,-0.0241,0.01878,0.51995,0.01807,0.51994,0.02205,-0.01557,0.04541,-0.0241,0.04108,-0.01906,0.04076,12402.9559,2511.54247,9746.95854,3136.15718,8908.25967,2849.76377,8716.99598,2650.82307,-0.48261,0.17,0.53189,0.05476
2000,6,0.5,0.05,1000,TRUE,"dependant",NA,NA,"w_RF1","KM",50,4,10,-0.02434,0.01936,0.51931,0.01709,0.51963,0.02058,-0.00512,0.04593,-0.02153,0.04184,-0.01418,0.03831,12401.9953,2487.07475,9649.00612,3121.73576,8893.9599,2872.56418,8677.74874,2642.79784,-0.47499,0.17562,0.52171,0.05503
2000,6,0.5,0.05,1000,TRUE,"dependant",NA,NA,"w_RF1","KM",50,4,50,-0.02273,0.01918,0.5187,0.0171,0.51905,0.0206,-0.00508,0.0524,-0.024,0.04719,-0.01671,0.04412,12382.49411,2484.43343,9639.88824,3100.83575,8912.93874,2885.04617,8696.44422,2650.83769,-0.47763,0.15896,0.52449,0.05789
2000,6,0.5,0.05,1000,TRUE,"dependant",NA,NA,"w_RF1","RSF",50,4,10,-0.02195,0.01902,0.52076,0.01759,0.52089,0.02109,-0.00627,0.04249,-0.01811,0.03901,-0.01199,0.03667,12374.5515,2488.99014,9663.21047,3132.51388,8865.69731,2871.45521,8661.9305,2653.80483,-0.46437,0.15819,0.529,0.05526
2000,6,0.5,0.05,1000,TRUE,"dependant",NA,NA,"w_RF1","RSF",50,4,50,-0.01905,0.01873,0.52038,0.01819,0.52049,0.02218,-0.00807,0.04356,-0.02039,0.04063,-0.01392,0.03877,12337.23155,2470.90562,9671.88575,3111.6913,8873.55071,2831.55392,8667.69407,2617.7654,-0.45461,0.16041,0.53086,0.05767
2000,6,0.5,0.05,1000,TRUE,"dependant",NA,NA,"w_gam","Cox",NA,NA,10,-0.02197,0.02302,0.52243,0.01988,0.52233,0.02338,-0.00086,0.05372,-0.0244,0.05686,-0.01343,0.04824,12369.73935,2471.8329,9566.74246,2961.57178,8885.72001,2798.61063,8642.69788,2550.52413,-0.45569,0.15637,0.52971,0.05734
2000,6,0.5,0.05,1000,TRUE,"dependant",NA,NA,"w_gam","Cox",NA,NA,50,-0.02945,0.03654,0.52065,0.0206,0.52019,0.02432,-0.02965,0.09694,-0.04804,0.08979,-0.04078,0.09263,12466.76022,2586.37756,9801.15666,2963.26946,9059.07196,2820.23382,8849.37504,2611.55979,-0.41221,0.16894,0.53561,0.05756
2000,6,0.5,0.05,1000,TRUE,"dependant",NA,NA,"w_gam","KM",NA,NA,10,-0.03748,0.03172,0.51964,0.01891,0.5197,0.02206,0.00141,0.06352,-0.04502,0.07478,-0.02652,0.06283,12555.69819,2515.70556,9525.00729,2904.98821,9063.83743,2902.60679,8744.07621,2574.40645,-0.47615,0.16753,0.51797,0.05977
2000,6,0.5,0.05,1000,TRUE,"dependant",NA,NA,"w_gam","KM",NA,NA,50,-0.04985,0.04453,0.51848,0.01941,0.51845,0.02257,-0.02109,0.09229,-0.07287,0.10325,-0.05339,0.09292,12714.91604,2641.16742,9705.88005,2902.28856,9286.32662,2988.92685,8956.9772,2652.54634,-0.47155,0.17031,0.51589,0.05571
2000,6,0.5,0.05,1000,TRUE,"dependant",NA,NA,"w_gam","RSF",NA,NA,10,-0.02144,0.02303,0.52217,0.01893,0.52201,0.02233,0.00451,0.05465,-0.02627,0.0604,-0.01256,0.05097,12363.62382,2471.86889,9512.42476,2942.14351,8906.391,2841.39124,8635.56077,2562.0703,-0.43772,0.15326,0.5258,0.05702
2000,6,0.5,0.05,1000,TRUE,"dependant",NA,NA,"w_gam","RSF",NA,NA,50,-0.02317,0.0293,0.52193,0.01937,0.52152,0.02292,-0.00929,0.06901,-0.03993,0.07307,-0.02596,0.06454,12381.51026,2465.55594,9617.87866,2908.27828,9001.99946,2817.93419,8732.62192,2555.03407,-0.40206,0.16619,0.52933,0.06182
2000,6,0.5,0.05,1000,TRUE,"dependant",NA,NA,"rsf_reg",NA,50,4,NA,-0.03358,0.04125,0.52684,0.01559,0.52715,0.02009,-0.09407,0.10909,-0.12432,0.12604,-0.11752,0.11552,12481.40867,2349.66347,10308.10515,2781.78772,9565.89472,2409.26057,9387.92316,2356.77812,-0.1162,0.12324,0.55957,0.06205
2000,6,0.5,0.05,1000,TRUE,"dependant",NA,NA,"cox_reg",NA,NA,NA,NA,-0.01437,0.03367,0.53474,0.01689,0.53581,0.02023,-0.06069,0.10978,-0.08949,0.11829,-0.08053,0.11467,12257.31433,2339.18565,9998.57591,2688.09632,9307.35059,2487.43114,9090.86107,2321.76289,-0.18419,0.1469,0.56618,0.05611
2000,6,0.5,0.1,1000,TRUE,"dependant",NA,"KM_local","w_RF2","Cox",50,4,10,-0.20897,0.15653,0.50903,0.01892,0.50863,0.02101,-0.35336,0.24663,-0.45521,0.3048,-0.46113,0.29461,14593.51499,2350.69765,12706.55316,3252.16314,11931.42492,2711.68301,11784.42347,2755.75176,-0.0169,0.09042,0.54369,0.06168
2000,6,0.5,0.1,1000,TRUE,"dependant",NA,"KM_local","w_RF2","Cox",50,4,50,-0.20214,0.14808,0.50989,0.01925,0.50879,0.02132,-0.34627,0.2407,-0.44651,0.29801,-0.45259,0.29021,14518.94379,2329.87225,12646.87008,3270.33439,11866.30457,2725.3111,11724.31146,2793.86315,-0.00206,0.09407,0.55002,0.05997
2000,6,0.5,0.1,1000,TRUE,"dependant",NA,"KM_local","w_RF2","KM",50,4,10,-0.22719,0.16065,0.50949,0.01882,0.5087,0.02053,-0.37916,0.26006,-0.48421,0.31193,-0.49269,0.30855,14806.02239,2370.5413,12914.36988,3214.99028,12153.29778,2701.73372,12014.95402,2754.16671,-0.00083,0.09338,0.54592,0.0576
2000,6,0.5,0.1,1000,TRUE,"dependant",NA,"KM_local","w_RF2","KM",50,4,50,-0.22743,0.1621,0.51029,0.01851,0.51052,0.02041,-0.38062,0.26458,-0.48514,0.32239,-0.49429,0.31825,14809.82741,2393.72633,12925.12681,3233.74936,12151.94764,2725.78492,12019.70159,2777.25852,-0.01211,0.0819,0.5377,0.05782
2000,6,0.5,0.1,1000,TRUE,"dependant",NA,"weights_tree","w_RF2","Cox",50,4,10,-0.05059,0.02432,0.52278,0.01744,0.5225,0.02011,-0.02491,0.05113,-0.04947,0.05364,-0.03505,0.04526,12846.81506,2512.38132,10078.83683,3903.27905,9080.53564,3418.02866,8745.22615,3232.87412,-0.57854,0.16875,0.52174,0.06287
2000,6,0.5,0.1,1000,TRUE,"dependant",NA,"weights_tree","w_RF2","Cox",50,4,50,-0.04547,0.0228,0.5233,0.01733,0.52231,0.01993,-0.02586,0.04844,-0.04954,0.05037,-0.03568,0.04287,12782.92748,2490.39987,10080.30866,3860.65926,9069.25034,3360.16917,8739.25702,3175.37632,-0.53465,0.15666,0.5285,0.05965
2000,6,0.5,0.1,1000,TRUE,"dependant",NA,"weights_tree","w_RF2","KM",50,4,10,-0.05191,0.02649,0.51984,0.01819,0.51893,0.0211,-0.01408,0.05555,-0.05352,0.0598,-0.0347,0.05067,12858.41221,2490.28501,9944.66251,3756.65693,9105.04568,3401.06621,8722.2603,3139.81692,-0.58279,0.17256,0.51238,0.05966
2000,6,0.5,0.1,1000,TRUE,"dependant",NA,"weights_tree","w_RF2","KM",50,4,50,-0.05217,0.02617,0.51919,0.01829,0.51858,0.02124,-0.01702,0.05466,-0.05618,0.05957,-0.03764,0.05049,12862.15181,2491.26452,9973.30329,3762.33526,9123.62163,3384.0621,8748.36004,3166.85445,-0.53477,0.13321,0.51019,0.06257
2000,6,0.5,0.1,1000,TRUE,"dependant",NA,NA,"RF_bench",NA,50,4,NA,0.01527,0.01468,0.53736,0.01641,0.53714,0.01909,-0.00332,0.04157,-0.01765,0.04256,-0.0133,0.04464,12021.57476,2216.17917,9810.42299,3604.1185,8728.64702,3016.13969,8491.72592,2852.65399,-0.22525,0.12161,0.57801,0.06058
2000,6,0.5,0.1,1000,TRUE,"dependant",NA,NA,"w_RF1","Cox",50,4,10,-0.02566,0.01873,0.52191,0.01745,0.5221,0.02035,-0.00631,0.04119,-0.02225,0.04121,-0.0112,0.036,12539.42791,2427.89573,9893.58339,3797.16072,8832.10957,3264.58191,8513.42196,2938.10685,-0.48095,0.14351,0.52298,0.06117
2000,6,0.5,0.1,1000,TRUE,"dependant",NA,NA,"w_RF1","Cox",50,4,50,-0.02085,0.01835,0.52248,0.01706,0.52197,0.01982,-0.00881,0.03825,-0.02473,0.03912,-0.015,0.03467,12480.16988,2412.98722,9913.65909,3797.90939,8841.00931,3219.60341,8545.28799,2981.70786,-0.42548,0.15778,0.52885,0.05903
2000,6,0.5,0.1,1000,TRUE,"dependant",NA,NA,"w_RF1","KM",50,4,10,-0.02406,0.01915,0.51955,0.01885,0.51983,0.0222,0.00474,0.04299,-0.02404,0.04268,-0.00952,0.03882,12519.94082,2425.63367,9769.39477,3690.11501,8842.89057,3260.05861,8496.41122,2962.78631,-0.47509,0.14852,0.50719,0.06124
2000,6,0.5,0.1,1000,TRUE,"dependant",NA,NA,"w_RF1","KM",50,4,50,-0.02409,0.02079,0.51942,0.01933,0.51933,0.02318,0.00364,0.04798,-0.02821,0.04801,-0.0136,0.04596,12518.6525,2414.57925,9776.80238,3697.07464,8864.17648,3220.32852,8516.49069,2904.44875,-0.45951,0.14793,0.51252,0.06447
2000,6,0.5,0.1,1000,TRUE,"dependant",NA,NA,"w_RF1","RSF",50,4,10,-0.02221,0.01788,0.52181,0.01766,0.52149,0.02102,-0.001,0.0431,-0.0214,0.04066,-0.00887,0.037,12496.9868,2417.4482,9840.75067,3788.69327,8824.21444,3266.90762,8496.96687,2969.28982,-0.47015,0.15246,0.52331,0.05978
2000,6,0.5,0.1,1000,TRUE,"dependant",NA,NA,"w_RF1","RSF",50,4,50,-0.01853,0.01728,0.5225,0.01752,0.52226,0.02082,-7e-04,0.04404,-0.02087,0.04002,-0.00964,0.03747,12449.85007,2393.94007,9834.67072,3777.67845,8808.34292,3213.18144,8502.46626,2991.05791,-0.42623,0.13906,0.52253,0.05461
2000,6,0.5,0.1,1000,TRUE,"dependant",NA,NA,"w_gam","Cox",NA,NA,10,-0.02333,0.02503,0.52261,0.02191,0.52266,0.02462,0.00043,0.04238,-0.0304,0.05178,-0.01358,0.04236,12499.08349,2361.14153,9813.31732,3746.17552,8877.91275,3193.68111,8513.86812,2874.20266,-0.44947,0.15547,0.52585,0.06562
2000,6,0.5,0.1,1000,TRUE,"dependant",NA,NA,"w_gam","Cox",NA,NA,50,-0.02968,0.04216,0.52191,0.02094,0.52226,0.02255,-0.03468,0.0832,-0.05596,0.08821,-0.04764,0.09178,12565.34567,2333.94761,10131.54118,3804.55279,9059.68648,3154.68267,8763.10079,2848.88578,-0.39265,0.18533,0.53757,0.06179
2000,6,0.5,0.1,1000,TRUE,"dependant",NA,NA,"w_gam","KM",NA,NA,10,-0.04871,0.03487,0.51744,0.02317,0.5175,0.02592,0.00803,0.05639,-0.06317,0.08248,-0.0311,0.06409,12810.97495,2445.17183,9700.7693,3594.11869,9141.51244,3251.4561,8637.90012,2840.12691,-0.53016,0.18792,0.50118,0.06712
2000,6,0.5,0.1,1000,TRUE,"dependant",NA,NA,"w_gam","KM",NA,NA,50,-0.06694,0.05731,0.5167,0.02296,0.5168,0.02586,-0.01362,0.07922,-0.09611,0.1204,-0.06157,0.09807,13022.04888,2480.84233,9872.85625,3542.60815,9392.50988,3283.72245,8862.41907,2842.10976,-0.51345,0.16568,0.50584,0.06251
2000,6,0.5,0.1,1000,TRUE,"dependant",NA,NA,"w_gam","RSF",NA,NA,10,-0.02621,0.02571,0.52184,0.02189,0.5217,0.02484,0.00851,0.04468,-0.03558,0.05966,-0.01338,0.04916,12536.36004,2379.64047,9722.01553,3675.48333,8915.61976,3189.11527,8501.89699,2822.88674,-0.4494,0.15402,0.51446,0.06018
2000,6,0.5,0.1,1000,TRUE,"dependant",NA,NA,"w_gam","RSF",NA,NA,50,-0.02624,0.03232,0.52197,0.02149,0.52206,0.02446,-0.00412,0.05341,-0.04465,0.06862,-0.02555,0.06296,12525.68577,2331.77661,9834.47778,3685.85317,8976.4171,3169.92485,8582.32102,2769.93403,-0.43259,0.15701,0.51495,0.05693
2000,6,0.5,0.1,1000,TRUE,"dependant",NA,NA,"rsf_reg",NA,50,4,NA,-0.0352,0.04398,0.52603,0.01687,0.5265,0.01896,-0.09981,0.09062,-0.14088,0.11507,-0.14069,0.11412,12605.16682,2202.4972,10611.58419,3463.41877,9628.20927,2836.75113,9413.98115,2628.73828,-0.09284,0.11772,0.56716,0.06261
2000,6,0.5,0.1,1000,TRUE,"dependant",NA,NA,"cox_reg",NA,NA,NA,NA,-0.01852,0.0492,0.53454,0.01807,0.53465,0.02098,-0.07255,0.10888,-0.10921,0.12142,-0.10527,0.12522,12406.89869,2203.73955,10347.63674,3422.15609,9378.55393,2850.83101,9128.02262,2610.84339,-0.15307,0.14909,0.56802,0.06338
