"algo","type_weights","nodesize","max_ratio_weights_model","iter","concordance.concordant","criteria_group.Gini_20","criteria_group.Kendall_20","criteria_group.R2_20","criteria_weighted.KM_Gini","criteria_weighted.KM_R2","criteria_weighted.Cox_Gini","criteria_weighted.Cox_R2","criteria_weighted.RSF_Gini","criteria_weighted.RSF_R2","criteria_weighted.0_1_Gini","criteria_weighted.0_1_R2"
"w_RF","KM",100,1000,1,0.51314078617468,0.139802102659246,0.539888682745826,-0.185079255478366,0.100485588913975,0.00442292680179845,0.0575420113255016,0.0016461776943103,0.0405954103541114,-0.00325525546914229,0.0927248259423849,-0.149540658671192
"w_RF","Cox",100,1000,1,0.529870392980147,0.217934446505875,0.568336425479283,-0.00950412959277891,-0.155769392147782,-0.0191112560520053,-0.00377087958996335,0.00181749924874341,-0.0459088372270078,-0.00756061817412257,-0.418745265197162,-0.143093233221995
"w_RF","RSF",100,1000,1,0.521708720255291,0.176623376623377,0.559059987631416,-0.108548005940754,-0.101001221974951,-0.0140854750734229,0.00200961484073373,0.000163161740890372,-0.0363347254962842,-0.00916163914429124,-0.289103309098156,-0.136901185417384
"w_RF","KM",200,1000,1,0.519892871345926,0.146876932591218,0.552257266542981,-0.0257694042072891,0.0784251529891122,0.00633289918641977,0.0339905290092233,0.00443509356768435,0.0232742976998456,0.00141371922544242,0.0254210314907889,-0.153905834025379
"w_RF","Cox",200,1000,1,0.536966567584632,0.253617810760668,0.584827870542156,0.0744032553100166,-0.212185207278045,-0.0111568824174835,0.0133415822237292,0.00919980554196431,-0.0399853518443424,0.0013840277381173,-0.552374080070215,-0.150356075692951
"w_RF","RSF",200,1000,1,0.531055947226757,0.218342609771181,0.575963718820862,0.0602264076495679,-0.162122861057254,-0.00800329526017585,0.00982325025384297,0.00784446183383869,-0.0352217123745721,0.000148532957466641,-0.437305660220076,-0.140482077720941
"w_gam","KM",NA,1000,1,0.508217413069181,0.0398268398268398,0.513296227581942,-0.69634280619119,0.168985037218312,-0.00215097372644291,0.0872916956360773,-0.0257869720279358,0.0834906516248283,-0.0337206024884773,0.238942466543466,-0.16640978544932
"w_gam","Cox",NA,1000,1,0.531516876997139,0.237649969078541,0.582766439909297,-0.099759298107025,-0.154518803823127,-0.0292402075839611,0.00655283451505656,-0.00582846644627955,-0.0375449205721511,-0.0180263267844172,-0.429942831979133,-0.160085446971367
"w_gam","RSF",NA,1000,1,0.523194414817499,0.235856524427953,0.57905586477015,-0.371994292772391,-0.0660241886233705,-0.024355983299124,0.0326728332518226,-0.0136507749442205,-0.00374412461558824,-0.0268335707221916,-0.234665148142779,-0.155367617650023
"RSF_regression",NA,100,NA,1,0.548400841679199,0.333815708101422,0.616780045351474,0.149274823594076,-0.191867376918337,-0.000436982180860523,-0.0182697405839795,0.0140540351878196,-0.0353009530691317,0.0103666377112883,-0.5358979040983,-0.17199249867017
"RSF_regression",NA,200,NA,1,0.552622100832139,0.37104514533086,0.630179344465059,0.204432313334766,-0.232922830508494,0.00162600349755326,-0.0186526463852904,0.0150979214929936,-0.0518454997484939,0.011068164896553,-0.632092905056522,-0.1738051193968
"Cox_regression",NA,NA,NA,1,0.545337266600707,0.378070500927644,0.634508348794063,0.14194212637728,-0.245508515679955,0.000994971981235437,-0.0545011002246775,0.0143265851467039,-0.0783012284933153,0.0114845596257259,-0.647249661212433,-0.17758437158717
"w_RF","KM",100,1000,2,0.533994376139972,0.243982683982684,0.580498866213152,0.00814549504342443,0.159506177762833,0.0166702026805312,0.0627268957169598,0.0112723970607512,0.0715621853360162,0.00779598162415673,0.126718379103146,-0.185597462948512
"w_RF","Cox",100,1000,2,0.561727352563669,0.512925170068027,0.680890538033395,0.19810991348716,-0.0869241253489328,0.00698600017775508,0.0925065971446169,0.0333710968586205,0.0405910600328058,0.016143604147539,-0.491762669923049,-0.173495650894608
"w_RF","RSF",100,1000,2,0.552758520232385,0.401743970315399,0.638631210059782,0.125840751131554,-0.0511378213103368,0.00898179028636792,0.0803506301942359,0.0267862831417219,0.040649600908255,0.0135671233511261,-0.37454049893589,-0.174182049982682
"w_RF","KM",200,1000,2,0.535938661082213,0.282251082251082,0.594104308390023,0.0858489430053654,0.203219902311803,0.0193396477046336,0.0700545270890993,0.0118958451752272,0.0917759996185587,0.0111691320561507,0.198415791553643,-0.187172343906867
"w_RF","Cox",200,1000,2,0.55750945754239,0.457093382807669,0.659657802514945,0.202269007273012,-0.117926988306155,0.00441388215197802,0.0775426112180709,0.0246442247684946,0.0267363031857894,0.0115787169821857,-0.553327148846813,-0.192932363168125
"w_RF","RSF",200,1000,2,0.556082381949605,0.497142857142857,0.675530818387961,0.235408284598024,-0.0964271551791937,0.00933009119685801,0.0726889868353598,0.0237977252667183,0.0278902487544151,0.0137430228396792,-0.492528624971804,-0.189183985159088
"w_gam","KM",NA,1000,2,0.534634026886442,0.267124304267161,0.596578025149454,-0.384974522126177,0.194672130874537,0.0144634999528733,0.0821607962832209,0.00253315444545166,0.102701427832523,-0.00114123937981003,0.190596433921334,-0.191612369310466
"w_gam","Cox",NA,1000,2,0.553751773289198,0.476066790352505,0.667285095856524,-0.11762714007594,-0.0671775499739442,-0.00355386558566106,0.0806971432616356,0.0220499255941888,0.0342525483696183,0.00137227685335239,-0.436141843125571,-0.185333750682108
"w_gam","RSF",NA,1000,2,0.548786563534419,0.375646258503401,0.629973201401773,-0.110679943686139,0.00512209739126543,0.00762355217485888,0.0857586420300303,0.0204227483645317,0.0597670742538871,0.00597770135303288,-0.26184874520728,-0.186821386811848
"RSF_regression",NA,100,NA,2,0.556039105248936,0.397414965986395,0.637394351680066,0.14111868513518,-0.129673564940383,0.00532110643446526,0.0156231169938018,0.0186482123212214,-0.0303795517116254,0.00797870207313633,-0.563710093043637,-0.202109945531579
"RSF_regression",NA,200,NA,2,0.556150991353104,0.442115027829314,0.649969078540507,0.172149969611889,-0.152469755283562,0.00624294897918887,0.0522498762781447,0.0216850421685898,-0.0124026364699998,0.0103540859813838,-0.608657434545804,-0.200701860490032
"Cox_regression",NA,NA,NA,2,0.551938373978248,0.375126777983921,0.628942486085343,0.0953554123894063,-0.139795990384552,0.00201402999374745,0.0232220159478228,0.0153831512793884,-0.0333453594728762,0.00332137488529749,-0.57488557508181,-0.209125054253126
"w_RF","KM",100,1000,3,0.529769861310493,0.240296846011132,0.58111729540301,-0.00707890460395899,-0.0609587465797788,-0.000730310658489497,0.000107919590735321,0.000794431803237905,-0.0271452834074395,-0.00126231666980559,-0.276929610155531,-0.131732294233506
"w_RF","Cox",100,1000,3,0.542091227314814,0.387309833024119,0.632240775097918,-0.104639676292911,-0.190943397453487,-0.0281554883630579,0.0843249866752572,0.0116201208380575,-0.0289053539428155,-0.0115920240533034,-0.635812383997529,-0.135384222058914
"w_RF","RSF",100,1000,3,0.535236382847622,0.330933828076685,0.608740465883323,-0.061177285675492,-0.137413912485911,-0.0141502047823334,0.0583574425620133,0.00696311207250466,-0.0177451990311501,-0.00617738552959213,-0.464060778617623,-0.130953121016125
"w_RF","KM",200,1000,3,0.531592035156203,0.255980210265925,0.588538445681303,0.0469111282213803,-0.0678330130127425,0.0019489244803923,0.0367549254545958,0.00705326367772552,-0.0158032791684628,0.002880534511707,-0.30833647584936,-0.139572367704116
"w_RF","Cox",200,1000,3,0.547379815058691,0.411403834260977,0.639661925376211,0.0283862501735473,-0.216057085311239,-0.0184356299721515,0.0965558931890631,0.0214817172248841,-0.0349240890928758,-0.00169130469644863,-0.697802319456201,-0.139471599351808
"w_RF","RSF",200,1000,3,0.537098097536276,0.313790970933828,0.608946608946609,0.0280545328760763,-0.157959749661256,-0.00891414562314652,0.0697111159168975,0.0145120824538357,-0.0295015917894751,0.000359040893331497,-0.520856573398803,-0.138949008978956
"w_gam","KM",NA,1000,3,0.529583140663254,0.267149041434756,0.590806019377448,-0.456008507035394,0.00889629420133958,-0.0170733773625551,-0.0176199890131601,-0.0339050197333419,-0.00523107353913403,-0.0324787302582155,-0.124615495493275,-0.134519782172903
"w_gam","Cox",NA,1000,3,0.538326060381064,0.31678416821274,0.605648319934034,-0.462184953476639,-0.127459749827629,-0.0463915534444146,0.0861045335942006,-0.0114189442270862,-0.00323218940733997,-0.0388790854241594,-0.472752521601483,-0.137697426438672
"w_gam","RSF",NA,1000,3,0.536943229234742,0.299925788497217,0.603380746237889,-0.390709884865959,-0.077339195304064,-0.0292215067502681,0.0520983348225856,-0.0158451716944084,-0.000202206692455927,-0.0314144614785539,-0.348892603947537,-0.135220297963626
"RSF_regression",NA,100,NA,3,0.532076410482277,0.282943722943723,0.589981447124304,0.0362845195576099,-0.248696374541002,-0.018939255291496,0.0211430000774058,0.0081502795807683,-0.0627812329639154,-0.00428877619941193,-0.710566937866848,-0.156225504742642
"RSF_regression",NA,200,NA,3,0.531813903219393,0.241731601731602,0.578643578643579,0.0675498224968784,-0.244353808983367,-0.01210902966993,0.0549738258293571,0.0136237422445251,-0.0433405358847796,0.0011266553971766,-0.705220963125824,-0.151335820611366
"Cox_regression",NA,NA,NA,3,0.529712746759573,0.266518243661101,0.59121830550402,0.0337822027665435,-0.189606142750117,-0.0101832612428698,0.0359905877582626,0.0109807429290653,-0.0484855205761153,-0.00104414288395205,-0.596198597629754,-0.1631392827201
"w_RF","KM",100,1000,4,0.542038009263977,0.307161410018553,0.600907029478458,-0.259379163790621,0.154957894153684,0.00732258283638643,0.06634181935558,-0.0119032606782379,0.0653784237601975,-0.00793421445237796,0.107262592493254,-0.0760534510667945
"w_RF","Cox",100,1000,4,0.551095974322981,0.359406307977737,0.624613481756339,-0.154244932483144,-0.0620970595126575,-0.021166582144176,0.13300722175381,0.0120738859867285,0.0649815292269076,-0.00504635168024614,-0.366800385090364,-0.0769478528209213
"w_RF","RSF",100,1000,4,0.552301365269618,0.379443413729128,0.63162234590806,-0.0750566715251797,-0.0203971438881956,-0.00504576475081642,0.124140457566351,0.00762694419966503,0.069202548171836,8.97926791215697e-05,-0.291086494044748,-0.0738365674699548
"w_RF","KM",200,1000,4,0.541240259619294,0.294570191713049,0.598639455782313,-0.0189804988294882,0.182565970281037,0.0160465805286044,0.0938497232307386,0.00327363717420126,0.0914061284009004,0.00526375701826476,0.137261112568357,-0.0872143619473011
"w_RF","Cox",200,1000,4,0.550709153410106,0.417575757575758,0.639868068439497,-0.00674133232376595,-0.0948513813493307,-0.0113474682542622,0.153447442924674,0.0215982026419808,0.0704987639004823,0.005873810460716,-0.456072036252059,-0.0896225676420526
"w_RF","RSF",200,1000,4,0.553597708442229,0.428893011750155,0.646670789527932,0.0230647357150839,-0.0466580380891789,-0.000362568548405662,0.15739015518817,0.0166461133289303,0.0827181649009548,0.00747994781026762,-0.367598518919028,-0.0821511350914164
"w_gam","KM",NA,1000,4,0.537204391567962,0.247928262213977,0.585446299732014,-0.914409126344063,0.243809358391595,0.0143728066867753,0.119744300433843,-0.0191540910007164,0.139392707326493,-0.0125450647601419,0.286686292048527,-0.0846277476328015
"w_gam","Cox",NA,1000,4,0.546144009152205,0.353407544836116,0.620490620490621,-0.672271943515172,-0.031858013188381,-0.0287676322603381,0.195842348411397,0.014925940644969,0.116899390963127,-0.00968496687713327,-0.31018294230598,-0.100306583890994
"w_gam","RSF",NA,1000,4,0.546186745740313,0.368880643166357,0.623788909503195,-0.526593678220941,0.0270295722736791,-0.00763945277516509,0.182358903956758,0.0108842813123219,0.12680762947901,-0.00132747487688256,-0.179776929984482,-0.0883729964694959
"RSF_regression",NA,100,NA,4,0.555720292318263,0.383574520717378,0.63265306122449,0.171633363246063,-0.112718611049112,-0.00123347791171469,0.0704687742028283,0.0149999254594744,0.0264721124584645,0.00950478593965565,-0.462116301518463,-0.125182535298202
"RSF_regression",NA,200,NA,4,0.556706521274602,0.401447124304267,0.638012780869924,0.219971127407402,-0.114922337424216,0.00642835776132911,0.0850070830214735,0.0205601396537307,0.0357399508923431,0.0150047540741871,-0.486927306441524,-0.124424797091979
"Cox_regression",NA,NA,NA,4,0.553661265419416,0.435126777983921,0.64728921871779,0.162279505400774,-0.0373040820386666,0.0128776052482118,0.0681167632448508,0.0137459326948673,0.0499162699053499,0.0142141529544689,-0.320622012514766,-0.128855764248275
"w_RF","KM",100,1000,5,0.55342426888061,0.415176252319109,0.639043496186353,0.12717908798201,0.0774827531756181,0.0214505003050587,-0.0107191533029364,-0.0134651856827233,-0.0266599986169971,-0.00773776372006085,-0.248800852144772,-0.183418553610985
"w_RF","Cox",100,1000,5,0.561046291904421,0.526431663574521,0.675324675324675,0.1754916217582,-0.099215059390257,-0.00154635677757797,-0.0146169090963957,-0.00286154265316707,-0.0645894592842977,-0.00925871790227184,-0.628804558523558,-0.165472011730926
"w_RF","RSF",100,1000,5,0.556897887019228,0.439307359307359,0.64831993403422,0.158717161223878,-0.117244820689941,0.000550047085350558,-0.0379763295684791,-0.00517692427489935,-0.0728175301259017,-0.00660108037513774,-0.655268291430223,-0.177643746542536
"w_RF","KM",200,1000,5,0.559560884715532,0.438441558441558,0.646670789527932,0.154087150976846,0.0743629172116395,0.0202934957949447,-0.0101154459395005,0.00317238793624686,-0.0240999243230739,0.00443466888376243,-0.284635868816058,-0.186854080303886
"w_RF","Cox",200,1000,5,0.571061836099119,0.520531849103278,0.679859822716966,0.23969037215644,-0.147954625024293,0.00644964290819017,0.0265008521477148,0.0260723744442695,-0.0320768782637795,0.0138487046103116,-0.811199332065112,-0.178092607463792
"w_RF","RSF",200,1000,5,0.56559343441259,0.466209029066172,0.660482374768089,0.229734255767751,-0.150916381432075,0.00713019023558481,-0.00339740159648098,0.0182880592328363,-0.0492875206872615,0.0111319659596668,-0.790313472510467,-0.187572696041289
"w_gam","KM",NA,1000,5,0.539322759483438,0.238503401360544,0.578025149453721,-0.310249432004022,0.135247828508629,0.00333532347449417,-0.0412767999064087,-0.105931427260598,-0.0227709335639175,-0.0763990144177245,-0.0185552204677698,-0.197043591702632
"w_gam","Cox",NA,1000,5,0.554060715471129,0.443203463203463,0.658833230261802,-0.108962537156248,-0.110645339167584,-0.0217127885397481,-0.0104571017111822,-0.0282155657827334,-0.0586957056316501,-0.0340891756117754,-0.619786325915824,-0.197900570805892
"w_gam","RSF",NA,1000,5,0.55406838350234,0.38817563388992,0.635745207173779,0.0524870136847718,-0.081171689272832,-0.00954111511075362,-0.0327416582168058,-0.031423163804245,-0.057540420738828,-0.0287496073730162,-0.554293678904134,-0.197638702400535
"RSF_regression",NA,100,NA,5,0.558389866806298,0.517786023500309,0.677798392084106,0.245506063796202,-0.252453888935691,-0.00812884238823286,0.0582481459281378,0.0250742741052122,-0.0269181449189911,0.0111332679251134,-0.919725279691056,-0.190968003181281
"RSF_regression",NA,200,NA,5,0.556967994733158,0.511849103277675,0.676149247577819,0.255237488952529,-0.259336640066707,-0.00661992742655149,0.0519919444759391,0.0229746927570275,-0.0337070059546212,0.00984624865747041,-0.92507295569619,-0.198227209234934
"Cox_regression",NA,NA,NA,5,0.551401004073915,0.441385281385281,0.652030509173366,0.16509007790237,-0.202188967666858,-0.0122991702272757,0.0411073677900416,0.0134282808625831,-0.0241660877824986,0.00251183191180127,-0.745206034410226,-0.21102036305686
"w_RF","KM",100,1000,6,0.543097324177125,0.32286951144094,0.608534322820037,0.0577159897510925,-0.0145160524843635,0.00298867856465868,-0.0483050097526581,-0.0116154303120861,-0.0427329717228056,-0.0024941781458534,-0.242596006668673,-0.141953202031224
"w_RF","Cox",100,1000,6,0.55031641925932,0.405837971552257,0.635951350237065,0.014204688075936,-0.144428657612558,-0.00802674104230627,0.158265644129001,0.0314780883729385,0.0205712711446989,0.00576559336249416,-0.687108101987314,-0.154366407304737
"w_RF","RSF",100,1000,6,0.553197105410085,0.438491032776747,0.645227788084931,0.130042420146455,-0.0981284600284446,0.00248959429000128,0.0626046024712586,0.0110026881420764,-0.00430452368250241,0.00659491589918726,-0.545369755558491,-0.139864737125502
"w_RF","KM",200,1000,6,0.548534999467747,0.37325912183055,0.626674912389198,0.124897003622461,-0.00618311526254327,0.008327423430882,-0.0541897433105845,-0.00484451042320133,-0.0367570522079672,0.00375291472409889,-0.256279005811461,-0.148398240441154
"w_RF","Cox",200,1000,6,0.555743232234139,0.425949288806432,0.646258503401361,0.1704164802224,-0.141685656910314,0.00315451171653414,0.170926015299143,0.0357617360524591,0.0304837257230985,0.0146889048353638,-0.726367171413396,-0.157171088085413
"w_RF","RSF",200,1000,6,0.556166862550428,0.409103277674706,0.635951350237065,0.150703858908941,-0.117726599533665,0.00589700684494798,0.0913629666298675,0.0159385145218529,0.00383898788098588,0.0107083469829951,-0.623096412914517,-0.141837247775354
"w_gam","KM",NA,1000,6,0.542175113565512,0.321199752628324,0.610801896516182,0.0159154770473832,0.0225785114727934,0.000853786532454825,-0.110534572226501,-0.0316963844900291,-0.0413215872240334,-0.00970330790256546,-0.114118271555993,-0.143143741007224
"w_gam","Cox",NA,1000,6,0.550583632228057,0.386332714904143,0.630385487528345,-0.0231647576509475,-0.178124170464161,-0.0178203173058431,0.13970629866409,0.0302672306861729,-0.00389001843093417,-0.000545773147332174,-0.762493285476381,-0.15994992481948
"w_gam","RSF",NA,1000,6,0.550682479301857,0.40834879406308,0.640692640692641,0.12553153908326,-0.112291596521008,-0.00424131391861082,0.000713473124190903,0.00165076169183598,-0.036905160910029,-0.000181408675464123,-0.528675155078963,-0.142374328694275
"RSF_regression",NA,100,NA,6,0.547548701192899,0.439604205318491,0.652648938363224,0.174660664290827,-0.124026735267619,-0.00132754042740935,0.0756294157744694,0.015869081408959,0.0136741289586961,0.00907690095654401,-0.594514027423529,-0.167367254544519
"RSF_regression",NA,200,NA,6,0.555153408486076,0.441929499072356,0.64831993403422,0.187921985355775,-0.14168107806274,0.00225386177728992,0.102474651511579,0.0225029101542263,0.0125662073893656,0.0119095755192161,-0.686196130113855,-0.168011245580245
"Cox_regression",NA,NA,NA,6,0.549468072395162,0.421966604823748,0.642341785198928,0.144838522224983,-0.121279968419534,-0.00388039151226383,0.0347746739590344,0.00956402407656776,-0.0162437771272546,0.00445449460823977,-0.559697681665231,-0.171920480951102
"w_RF","KM",100,1000,7,0.543931922696413,0.323327149041435,0.612038754895898,-0.0102206092117136,0.134513591558598,0.026081044364172,0.206949700374918,0.0329068409532979,0.153505651594212,0.0219520834210645,-0.0210627423089951,-0.144969275752044
"w_RF","Cox",100,1000,7,0.548053189436619,0.397489177489177,0.633683776540919,-0.0611218289770159,-0.0270680397656099,0.00112449229378786,0.262993875235563,0.0564488663753338,0.148449148344763,0.0195935159387378,-0.411194453227652,-0.154682547388413
"w_RF","RSF",100,1000,7,0.550155648923842,0.419369202226345,0.644609358895073,0.0260741899507495,0.0121123492328052,0.0125483120615372,0.228470284115345,0.0464730848619629,0.135713936402008,0.0219739946770086,-0.335715647690761,-0.147081543603102
"w_RF","KM",200,1000,7,0.547609274913587,0.366345083487941,0.634096062667491,0.0612333188120207,0.158053482250667,0.0265510630805,0.222045182304493,0.0322907939364276,0.173052506870157,0.0238564053510878,0.00952462604311785,-0.155233894371631
"w_RF","Cox",200,1000,7,0.55649425755296,0.455881261595547,0.65285508142651,0.123094537599832,-0.130064071834005,0.0026321554950236,0.203072193806582,0.0557859915338885,0.0789222027104737,0.0224257988505944,-0.700748768540316,-0.159516235859911
"w_RF","RSF",200,1000,7,0.552408682432696,0.419505256648114,0.642960214388786,0.112097752508651,-0.036144414337665,0.0125061679606766,0.221966179791718,0.0454728812585827,0.120799706496349,0.0233775468361906,-0.460331584789734,-0.155477990727272
"w_gam","KM",NA,1000,7,0.542239916838525,0.336722325293754,0.608534322820037,-0.903602025451948,0.156688265244857,0.0181848969409947,0.172136790365598,0.0105717464237912,0.151062920076894,0.00540735754324539,0.0471403122785032,-0.152437784107305
"w_gam","Cox",NA,1000,7,0.551691503944482,0.433457019171305,0.646052360338075,-0.327198015644408,-0.0543647529107906,-0.011392864359858,0.238174484285017,0.0504650034345884,0.13701222409883,0.00999236852744478,-0.456694142922032,-0.160402178981979
"w_gam","RSF",NA,1000,7,0.54919866736414,0.350698824984539,0.618223046794475,-0.354649885804427,0.0246450394996745,0.00998241209787987,0.210563225963812,0.0421858008595957,0.134504091941151,0.0179280168526695,-0.272660052762455,-0.150212908236028
"RSF_regression",NA,100,NA,7,0.550090957862697,0.448484848484848,0.649556792413935,0.0985002675754161,-0.0304031170509824,0.0117153614506743,0.205138994774627,0.0441077746135771,0.118428996541631,0.0212778057229409,-0.503586919515635,-0.156395755815295
"RSF_regression",NA,200,NA,7,0.554924941638625,0.480197897340755,0.664192949907236,0.191876569626146,-0.0544930678842174,0.0148559160298569,0.204241199668195,0.0474012720721948,0.114995371833028,0.0255587852833559,-0.572103367666794,-0.152258745015915
"Cox_regression",NA,NA,NA,7,0.559523583795558,0.524947433518862,0.676973819830963,0.206674169053024,-0.0997944376363754,0.0141529304620146,0.156380881898238,0.0442196152975552,0.0697527079742883,0.0240170295078731,-0.677116427295792,-0.153600203872738
"w_RF","KM",100,1000,8,0.538793284496195,0.266567717996289,0.589363017934446,-0.170577831574228,0.0893052053031354,-4.39233488820356e-05,-0.0397766293845223,-0.0380282942590664,0.0308392276410044,-0.0109805861107444,-0.00716325853878837,-0.126786126432058
"w_RF","Cox",100,1000,8,0.548969391079673,0.316982065553494,0.608946608946609,0.00110825861153685,-0.123969459921322,-0.0208497037787798,0.0556956815452679,0.00373690080442757,0.0303410824456096,0.000514473567570728,-0.503711958459824,-0.118257348725966
"w_RF","RSF",100,1000,8,0.555428789390694,0.378466295609153,0.632240775097918,0.0159872956295564,-0.0912866170435702,-0.00634587336970127,0.0159475799621487,-0.00362948506875882,0.0292243902019951,0.00408237545088219,-0.455681059331449,-0.116646846321617
"w_RF","KM",200,1000,8,0.544094759032657,0.251700680272109,0.582354153782725,-0.0411710962957978,0.0794549953296696,0.00493492122973971,-0.0168534470792626,-0.0188071338988494,0.0429150722558032,-0.00112686186963962,-0.0582602003587525,-0.129454691167856
"w_RF","Cox",200,1000,8,0.557728743868396,0.406159554730983,0.641517212945784,0.0794009975687452,-0.165400849780659,-0.0131713339487665,0.0714767853650615,0.0161942950449372,0.0245201356223659,0.0105230119510583,-0.631961495037369,-0.114772810002916
"w_RF","RSF",200,1000,8,0.556061106589154,0.38152133580705,0.634920634920635,0.0529616888462657,-0.13286286857877,-0.00505246193576747,0.0317439622088841,0.0085540698835721,0.0260485672233878,0.01070972620485,-0.554208094960554,-0.123698952040472
"w_gam","KM",NA,1000,8,0.525380667440886,0.162770562770563,0.553906411049268,-0.563156352923804,0.127672365878106,-0.00757816609963968,-0.0346215130606938,-0.0642320341310489,0.0497963866888904,-0.0253418854282088,0.116781841174949,-0.134859524221683
"w_gam","Cox",NA,1000,8,0.539576585873103,0.313024118738405,0.610801896516182,-0.301011452603034,-0.100070243704241,-0.0382504536921462,0.0563744639800003,-0.0127332168196803,0.0438354556272881,-0.0158381844792337,-0.415869299302735,-0.126245356331694
"w_gam","RSF",NA,1000,8,0.539951208270754,0.273815708101422,0.592867450010307,-0.292136041527052,-0.05370218600488,-0.0234355566782829,0.0132131310287675,-0.0239625196745759,0.0394277790064649,-0.0134291509634596,-0.316405221458164,-0.126557098493477
"RSF_regression",NA,100,NA,8,0.569773421562584,0.463970315398887,0.66295609152752,0.191037139751031,-0.150132300788358,0.000952298566083587,0.0572118006717262,0.0220285028173626,0.00513297042179068,0.0161140723039641,-0.647279207102313,-0.142710060188846
"RSF_regression",NA,200,NA,8,0.572274309871754,0.518256029684601,0.683364254792826,0.245567977594166,-0.159562624695993,0.00637802407069754,0.0614494060530292,0.0300589211419298,0.0105714679198523,0.0225787967135115,-0.680249749279516,-0.14268267831795
"Cox_regression",NA,NA,NA,8,0.570220698000992,0.51308596165739,0.68418882704597,0.223687589952944,-0.135662536177242,0.0106051841487821,0.0456321109632723,0.0285698965807319,0.00128301623049123,0.0218985899838327,-0.634715624424944,-0.149704709892373
"w_RF","KM",100,1000,9,0.533023604561661,0.233457019171305,0.579880437023294,-0.0615918302602714,0.142430387211085,0.0111261976373087,0.0117169310099897,-0.00260997643562844,0.0447809384733056,0.0011710799617447,0.0998765183035951,-0.150499849041694
"w_RF","Cox",100,1000,9,0.558263808403153,0.435794681508967,0.650999793856937,0.178699632859425,-0.0975674792739091,-0.00140887943795698,0.145764312072611,0.0375439261326067,0.0685393220704101,0.020231540228036,-0.502379576691217,-0.141476439057229
"w_RF","RSF",100,1000,9,0.553332551822983,0.435918367346939,0.647701504844362,0.167690348697087,-0.0697070437281579,0.00677017727041884,0.123113620321272,0.0321716057200385,0.0707798995708957,0.0221332003307629,-0.408587430402984,-0.138123991068202
"w_RF","KM",200,1000,9,0.537809986817542,0.256858379715523,0.584209441352298,0.0587650297853097,0.131794632902694,0.012896264280016,0.0163894911374857,0.00283512002683983,0.0595637441198932,0.00662972181928523,0.0650572804410815,-0.156012986517962
"w_RF","Cox",200,1000,9,0.558405364994824,0.426159554730983,0.646464646464646,0.194973892363473,-0.13675329749864,0.00608461503733526,0.1576088483671,0.0393127801993635,0.07156111482871,0.026052830390028,-0.591393500207334,-0.145861979682927
"w_RF","RSF",200,1000,9,0.5597501526157,0.442065553494125,0.652442795299938,0.192577753756392,-0.104609742388846,0.00848098618587578,0.118384026244619,0.0301107914304303,0.0615375823175328,0.0222647072528933,-0.516476196844607,-0.141666347813043
"w_gam","KM",NA,1000,9,0.536216369250369,0.241410018552876,0.581735724592867,-0.574440075224076,0.183753050092209,-0.0170860503956149,0.00384622968268951,-0.0355075450540694,0.0764938065750555,-0.0304935937628539,0.179557045407739,-0.167966883072109
"w_gam","Cox",NA,1000,9,0.561846959629829,0.429598021026592,0.647407484547731,0.0569212795059361,-0.110172137997944,-0.0349051167295436,0.119497229509686,0.0167460321201089,0.0640709843291976,-0.00840921686543394,-0.525760595544859,-0.156706122176913
"w_gam","RSF",NA,1000,9,0.557918764210955,0.403698206555349,0.641311069882498,-0.047929306444719,-0.0332006964964935,-0.0250649597717296,0.0898272166085606,0.00858679819623009,0.0774730844090771,-0.00802035270300827,-0.351917948069346,-0.153434839080384
"RSF_regression",NA,100,NA,9,0.5546275734546,0.453852813852814,0.654623235539578,0.216494966015179,-0.180132337377414,-0.00426556891238783,0.0576862837704071,0.0228889207464067,-0.0299134400189844,0.00966420272705604,-0.65060642678913,-0.181182862452753
"RSF_regression",NA,200,NA,9,0.559503534491148,0.490983302411874,0.670583384869099,0.251717315703537,-0.202612899659637,0.00266050070110901,0.0972006774320409,0.0302837404367503,-0.00555941542072435,0.017692005659637,-0.713584060365175,-0.178943725906463
"Cox_regression",NA,NA,NA,9,0.549796954763822,0.425664811379097,0.643990929705215,0.124395148910541,-0.19316142477084,-0.0138032800143308,0.0329180787550705,0.00151531507091995,-0.0396157161119545,-0.00690183366017694,-0.668208340653506,-0.195933329317104
"w_RF","KM",100,1000,10,0.532046994827894,0.256425479282622,0.586270871985158,-0.0461780058312444,0.110024687066895,0.0148502283330467,0.0783521804340405,0.0100897311046333,0.0464774494892393,0.0048654349076116,0.0459903899070306,-0.153157078426136
"w_RF","Cox",100,1000,10,0.548039281255573,0.393988868274583,0.631828488971346,0.0846157076216567,-0.0808737844073826,0.00201051921977347,0.118158424985542,0.0333255407543398,0.0295372511232191,0.0103988917836846,-0.401755889735046,-0.139053644605827
"w_RF","RSF",100,1000,10,0.539590021401819,0.308163265306122,0.601113172541744,0.00629446716144066,-0.0437052062441844,0.00453936282497702,0.100988310843908,0.0185590052886748,0.0237233353324165,0.00526610060616262,-0.287791499095304,-0.148288012009659
"w_RF","KM",200,1000,10,0.534781300160514,0.228682745825603,0.574933003504432,0.0211480458199177,0.105641552550559,0.0156384293582789,0.0681750487794256,0.0123620056292016,0.0414905516100658,0.00849890680466592,0.0132567264156796,-0.157497553234957
"w_RF","Cox",200,1000,10,0.555930087390762,0.394829931972789,0.634508348794063,0.162963841198549,-0.114905077051219,0.00460996826342563,0.10359753592569,0.0321291242560212,0.0225008260285076,0.0145430142732245,-0.500320315480239,-0.152426059009695
"w_RF","RSF",200,1000,10,0.544200329944712,0.341471861471862,0.616161616161616,0.133698261049371,-0.0498528017948678,0.0086199793846059,0.103138177459253,0.0209901472239447,0.0327896162092528,0.0112968560369396,-0.313598611528021,-0.15694638915556
"w_gam","KM",NA,1000,10,0.527341938648118,0.249090909090909,0.579674293960008,-0.837319002524333,0.0998728548592891,0.00471880114426249,0.0445378208127553,-0.0205100825556785,0.0164857397444208,-0.0274832655825386,0.0613156510312166,-0.156586857325954
"w_gam","Cox",NA,1000,10,0.546414080613519,0.32904143475572,0.61038961038961,-0.344049020081822,-0.0801167392368895,-0.00783979651209243,0.0988597147940161,0.0132942923553775,0.00598287483183764,-0.0145011728732143,-0.383343816554853,-0.147913359965529
"w_gam","RSF",NA,1000,10,0.539853085428928,0.318726035868893,0.606472892187178,-0.439021467892705,-0.030011722314967,0.000294216088847388,0.0762419892830158,0.000911458320448477,0.00143805660623113,-0.0165088872970911,-0.260781488850505,-0.148874251664747
"RSF_regression",NA,100,NA,10,0.561621633672196,0.504230055658627,0.669964955679241,0.235656910008683,-0.049205375818789,0.0161941856582232,0.110367003104302,0.0326435685257285,0.0375201232408841,0.0204215062872097,-0.404490293225303,-0.164866423563697
"RSF_regression",NA,200,NA,10,0.560437845550205,0.464192949907236,0.657184085755514,0.24097653641097,-0.0621064050365801,0.0137975028874356,0.106548829300266,0.0300170937284163,0.0359285689801762,0.0189720497954279,-0.404373030062214,-0.162861698482941
"Cox_regression",NA,NA,NA,10,0.553223649010166,0.375485466914038,0.625850340136054,0.118563099381084,-0.0488531261391054,0.00825858208861385,0.0650370253603815,0.0186517887822484,0.00734135483119808,0.00933652284847686,-0.347986416551354,-0.178121386048379
"w_RF","KM",100,1000,11,0.544748782934274,0.411243042671614,0.63821892393321,0.0497346462852793,0.0967222196046357,0.0167394816208654,0.126919879020838,0.021668036803338,0.104607257094837,0.0148933141872857,-0.0583018245272578,-0.195502975389686
"w_RF","Cox",100,1000,11,0.545699953306182,0.385553494124923,0.631210059781488,0.148633873072971,-0.118705427547809,-0.000753913736341927,0.171098586730809,0.0381011054676247,0.067409048849713,0.0149930878504505,-0.496924667028066,-0.191927102669225
"w_RF","RSF",100,1000,11,0.547620668932182,0.381657390228819,0.632859204287776,0.168377670838869,-0.0542571873955943,0.00757155413898669,0.147597228923327,0.0299721286321377,0.0720614715315122,0.0151994181873036,-0.367147081988326,-0.184521391286121
"w_RF","KM",200,1000,11,0.544795260577447,0.260383426097712,0.591630591630592,0.0693982136834074,0.0700487849240662,0.0112889751363703,0.122067621472517,0.017874638196406,0.0913915647893532,0.0115031088931759,-0.137466110849877,-0.200615170185239
"w_RF","Cox",200,1000,11,0.551469666312139,0.447569573283859,0.650587507730365,0.216534655253086,-0.128110907714607,0.00109088795072243,0.154949973704414,0.0301175676089421,0.0552442338602067,0.0127998404311704,-0.558871754582611,-0.199311191967896
"w_RF","RSF",200,1000,11,0.547987085700451,0.385813234384663,0.629767058338487,0.165234684338373,-0.114108093746638,0.00400694640522492,0.140020281349651,0.0243866195926553,0.0545168718867011,0.0127091938314035,-0.498392505614675,-0.189081209634737
"w_gam","KM",NA,1000,11,0.530288831530433,0.222238713667285,0.576169861884148,-0.622357133844164,0.0932398407700603,-0.0129944337566692,0.0664053538554374,-0.0113011829440239,0.0651633008194246,-0.0175108475684631,0.0080357719137696,-0.229192763333765
"w_gam","Cox",NA,1000,11,0.544419115930374,0.365850340136054,0.624819624819625,-0.244805921739994,-0.169719250491551,-0.0424793366272964,0.132439314957051,0.0108969898260517,0.0238365467978096,-0.019467273416482,-0.602835161501239,-0.221470716602246
"w_gam","RSF",NA,1000,11,0.540819800773042,0.313444650587508,0.606472892187178,-0.348079940886167,-0.093834607636128,-0.0227350114334341,0.103384276465805,0.00439411852385418,0.0340646270226443,-0.0124556074359155,-0.42386604087536,-0.215924931749697
"RSF_regression",NA,100,NA,11,0.548579405432048,0.412356215213358,0.641311069882498,0.161140251309511,-0.0914627471680415,-0.00192693641757891,0.113458529409125,0.0195049672364512,0.0261959890580354,0.00481546811048117,-0.488786434640858,-0.218290411338407
"RSF_regression",NA,200,NA,11,0.552586210623708,0.431193568336426,0.645021645021645,0.154929660106319,-0.117445585000459,0.00271011812631183,0.0860231657343852,0.0196829871566496,0.00557165477897392,0.00768490008370393,-0.573479108464851,-0.212699015617164
"Cox_regression",NA,NA,NA,11,0.54736450145702,0.386926406926407,0.630797773654917,0.0389596949054787,-0.156039669658692,-0.0174969200072963,0.042674209222522,0.00206588777238925,-0.0377381482210765,-0.010567517998723,-0.624505903851699,-0.235750132971542
"w_RF","KM",100,1000,12,0.538122003164373,0.319257884972171,0.606060606060606,0.030753108781061,0.132795023462855,0.0144834818085569,0.0914195888250576,0.00618876641998523,0.0867886814577261,0.0114395188836904,0.117249941284898,-0.132883534460048
"w_RF","Cox",100,1000,12,0.554089000451896,0.425244279529994,0.645021645021645,0.139468038053206,-0.112725269192488,-0.0122646411884026,0.150833487971851,0.0423435526216788,0.0227660843672296,0.0126690043460919,-0.544167565113418,-0.13583821178352
"w_RF","RSF",100,1000,12,0.554503513465076,0.429833024118738,0.651618223046795,0.146027034420186,-0.0442007883513394,0.00593196946042795,0.141485768183455,0.0255020257143134,0.0539499666955228,0.0165137342433074,-0.377132464145731,-0.124569513842779
"w_RF","KM",200,1000,12,0.539824035377641,0.283537414965986,0.598639455782313,0.0810320921318696,0.119210642382602,0.012082511008752,0.10232092134177,0.00811549029184699,0.092955387988237,0.0118699571965284,0.07951866095895,-0.140363324546507
"w_RF","Cox",200,1000,12,0.550134084514476,0.353849881095831,0.622554176309699,0.0936990896582423,-0.170112792289422,-0.0108866559630445,0.155115724161402,0.03501809737304,0.0139062593564008,0.0103664129858166,-0.67673926464556,-0.155102055399599
"w_RF","RSF",200,1000,12,0.550410060021924,0.443636363636364,0.646876932591218,0.140277681041306,-0.049026727243903,0.003274467597152,0.169793709077335,0.0217342948231823,0.0687782017516657,0.0133710578662788,-0.364529793439768,-0.136097046844507
"w_gam","KM",NA,1000,12,0.533329265168482,0.195213358070501,0.566274994846423,-0.154265597347859,0.149516881907217,0.00884858730747196,0.093115680625535,-0.00578782058990357,0.10094094210499,0.00327851333965801,0.212244225863,-0.13178601711457
"w_gam","Cox",NA,1000,12,0.546856463049518,0.382288188002474,0.627499484642342,-0.00942699855361573,-0.10571296077431,-0.0281009393147404,0.160928185595649,0.0301447022480474,0.0438620454044609,-0.000435524682600441,-0.450618024773774,-0.146469889201575
"w_gam","RSF",NA,1000,12,0.542236347183785,0.315027829313544,0.602968460111317,-0.0374924090704243,-0.0353835370515879,-0.00869084258308961,0.137597849225698,0.0163373219639454,0.0596122359558492,0.00606831885017456,-0.252278117643375,-0.131203641400286
"RSF_regression",NA,100,NA,12,0.546675044887251,0.43595547309833,0.648938363224077,0.199309530502978,-0.115352466995402,-0.00394781997378257,0.100504786929869,0.0200071181480641,0.014630371504917,0.00640679468839844,-0.493927449819299,-0.176911961624242
"RSF_regression",NA,200,NA,12,0.552338590062023,0.457934446505875,0.654091939806225,0.223277273358467,-0.131924532318034,-0.00073498413282147,0.114354741185389,0.0221878133195231,0.0158272595129814,0.0094612712087585,-0.566244274150583,-0.17420914486895
"Cox_regression",NA,NA,NA,12,0.550507915879147,0.343376623376623,0.622758194186766,0.109761919858477,-0.121383098728484,-0.00185171667935946,0.0842567825505576,0.0174605746581704,0.00346123265625498,0.00443276987570962,-0.521409463553725,-0.180173843512433
"w_RF","KM",100,1000,13,0.51968378285554,0.142288188002474,0.549371263656978,-0.280237744626874,0.0775190309895078,-0.0107189348176924,-0.050257299025721,-0.0331381399217314,-0.0254048024323994,-0.0269588709122897,0.126628543374477,-0.133912420196038
"w_RF","Cox",100,1000,13,0.528509680105398,0.192727272727273,0.56545042259328,-0.308243723544645,-0.102798790661898,-0.0291718242522794,0.102965054137082,3.42467358084297e-05,0.00872820709529482,-0.0212231873919624,-0.336278503755158,-0.129815300560398
"w_RF","RSF",100,1000,13,0.531971790700782,0.254112554112554,0.590393733250876,-0.254404280127828,-0.123467989288981,-0.0230916061554289,0.0434803095092146,-0.00928317047008087,-0.0338164984841826,-0.0210128892469466,-0.353467729731493,-0.122886536425894
"w_RF","KM",200,1000,13,0.523978566940212,0.169424860853432,0.554730983302412,-0.0817051946087404,0.0861297755891851,0.0016144517036718,-0.0582065867250114,-0.0189036336344974,-0.0209888518730691,-0.0104132858025476,0.108793734128057,-0.134561360538769
"w_RF","Cox",200,1000,13,0.547089121463208,0.321212121212121,0.609977324263039,0.00997991678911436,-0.134177728744747,-0.00814844527519587,0.151310210957627,0.0290350024296664,0.0346678378686503,0.00632981644406128,-0.524269573199072,-0.127067707526112
"w_RF","RSF",200,1000,13,0.541974915987221,0.302795299938157,0.600494743351886,0.0428010266261833,-0.120239373941083,-0.00600803817412032,0.0811351693586435,0.00774972307192889,-0.0108341639368798,-0.00190823345095059,-0.421278564104268,-0.121749508301845
"w_gam","KM",NA,1000,13,0.513842920674046,0.112292714649121,0.535240900483905,-0.839842226167391,0.119345236746524,-0.0202016050958553,-0.091343531444169,-0.0808692311743957,-0.0218428940184551,-0.0611653315432623,0.206390784127477,-0.149007295204371
"w_gam","Cox",NA,1000,13,0.531600731957545,0.231403834260977,0.580498866213152,-0.942865735533575,-0.13806580756795,-0.0521293910297647,0.0514838093535961,-0.0347170891957542,-0.0246948868903112,-0.0570164636180042,-0.435850555497601,-0.144093759947564
"w_gam","RSF",NA,1000,13,0.527783023399892,0.212158317872604,0.565244279529994,-0.984314086726017,-0.0952184315408729,-0.0349526337010151,-0.00509618273335344,-0.0465130212474776,-0.0426663891826214,-0.0517207914421014,-0.311387386725181,-0.139987893395889
"RSF_regression",NA,100,NA,13,0.544320537328399,0.354533085961657,0.629354772211915,0.0721549458159682,-0.143231208596948,-0.00757729278190977,0.0954458442424209,0.0164347671809385,0.0163580514938994,0.00448086595643693,-0.561354831553862,-0.155922411470503
"RSF_regression",NA,200,NA,13,0.548948832545386,0.327965367965368,0.61595547309833,0.118458402062555,-0.133584675252783,0.00264945540141759,0.122341936592508,0.0226813835842063,0.0329622179482309,0.0122292298320901,-0.57151986121132,-0.149934029187538
"Cox_regression",NA,NA,NA,13,0.546271908754888,0.328163265306122,0.614718614718615,0.122449449549848,-0.102999271731789,0.00423208844132328,0.111736376573193,0.0280901535863374,0.0299510929154824,0.0143066394752056,-0.507636181836317,-0.154603446073799
"w_RF","KM",100,1000,14,0.511678985921116,0.00989486703772417,0.50175221603793,-0.359095333783187,0.128063705275773,-0.0155233057654536,-0.034691656291012,-0.047004395999382,-0.00458137271174066,-0.0358085285985847,0.218844989246475,-0.118298434917789
"w_RF","Cox",100,1000,14,0.550960125539949,0.338812615955473,0.614718614718615,0.0012248487432619,-0.141942331740459,-0.0199307976365561,0.0789343394476233,0.0118141702275967,-0.00662756225078302,-0.00337394815420833,-0.507404981097686,-0.102117421399832
"w_RF","RSF",100,1000,14,0.546477506501572,0.362795299938157,0.621315192743764,-0.0809313809541592,-0.100097153313555,-0.0169616155041807,0.0347368858716834,-0.00614813268292624,-0.00689121490037143,-0.00979015750811563,-0.385106361226354,-0.103596146051802
"w_RF","KM",200,1000,14,0.516005234527922,0.0955349412492269,0.531230674087817,-0.145010570248027,0.108339237328985,-0.00698883759579627,-0.056033753002061,-0.0307384546551674,-0.0240236074294935,-0.0220340472957821,0.18033703698786,-0.121695005019906
"w_RF","Cox",200,1000,14,0.556701471101968,0.412022263450835,0.633065347351062,0.104858743055741,-0.17112213146711,-0.0117958113557097,0.0773714683803451,0.0153434295623972,-0.00140690658536552,0.00512518169509879,-0.58114079868598,-0.106943920900873
"w_RF","RSF",200,1000,14,0.551303918687376,0.369981447124304,0.630385487528345,0.0918616028057261,-0.134702846147313,-0.00940307077218572,0.0421003624399772,0.00224950475674401,-0.00830362993234561,-0.000340061942936565,-0.46929873178816,-0.106855588053323
"w_gam","KM",NA,1000,14,0.511498217266179,0.0545578231292517,0.511234796949083,-0.909230531354206,0.161794900290843,-0.0322899799959595,-0.0747619522894729,-0.104089389667541,0.0115941225890785,-0.069597120566439,0.311094535187245,-0.132732600226525
"w_gam","Cox",NA,1000,14,0.551614441530212,0.362671614100186,0.621315192743764,-0.207788295394103,-0.125436105807921,-0.0358699429228908,0.0849047002758004,-0.00710368015679119,0.0145470697320194,-0.0214226410426546,-0.446479663830665,-0.113776146198908
"w_gam","RSF",NA,1000,14,0.538477107257917,0.298948670377242,0.603793032364461,-0.334052296367628,-0.0259896601312797,-0.0288524232984553,0.0141893479787164,-0.0382827162170665,0.0223842197491214,-0.0310211596140961,-0.184438003243854,-0.112806707912254
"RSF_regression",NA,100,NA,14,0.546573990384882,0.382201607915894,0.632240775097918,0.100922771086712,-0.175723390235133,-0.0152359742511734,-0.012503644739018,0.000492728433015066,-0.0547010126126735,-0.00411865537046774,-0.521944123646986,-0.143621143326696
"RSF_regression",NA,200,NA,14,0.553507521861363,0.4343475572047,0.651205936920223,0.174308877905223,-0.193132075382167,-0.00732750302409069,-0.0220441470109601,0.00425971065355935,-0.0576873605223886,0.00234628086913724,-0.588035173088611,-0.139212659013169
"Cox_regression",NA,NA,NA,14,0.552584825414077,0.422894248608534,0.647701504844362,0.156716397859889,-0.181396196370838,-0.0102883514766385,-0.0248823889681757,0.00158526591757913,-0.0576302748725673,-0.00113429266465315,-0.562018414388137,-0.145477457906706
"w_RF","KM",100,1000,15,0.519805193738964,0.159888682745826,0.552463409606267,-0.0707741721094739,-0.0317599902214377,-0.00379733987535968,0.00966679540676226,0.000767545775940737,-0.0252692259307159,-0.00677633818583123,-0.227048764880543,-0.155735267795675
"w_RF","Cox",100,1000,15,0.533813598562926,0.275015460729746,0.589981447124304,-0.126752373054453,-0.198790061758481,-0.0285644995885417,0.00482445584804746,0.00183417123201068,-0.0870852862985772,-0.0201011972090239,-0.663125990316488,-0.167765997151902
"w_RF","RSF",100,1000,15,0.52955535875944,0.207619047619048,0.570810142238714,-0.0393097996710254,-0.149618881301535,-0.0159415773451828,0.00734943627296785,0.00391347617759696,-0.0602512755874647,-0.0105914003571368,-0.557240028760465,-0.157410062189394
"w_RF","KM",200,1000,15,0.527755732477453,0.196338899196042,0.564007421150278,0.0297369235852916,-0.0217782470451583,0.002319644365533,0.0333313322250599,0.00566998289869625,-0.00755806039235448,9.33653265603462e-05,-0.262841771877347,-0.165101582024565
"w_RF","Cox",200,1000,15,0.544739431847912,0.329128014842301,0.612863327149041,-0.0132748406851642,-0.264025887512712,-0.0243183368424618,-0.00358631761332996,0.008312647017931,-0.0918074938310153,-0.0117154730960274,-0.888482283648061,-0.18211080981563
"w_RF","RSF",200,1000,15,0.539216856061643,0.287297464440322,0.597196454339311,0.0593133623670462,-0.207221225802073,-0.00995444624779829,0.0164471264614929,0.0110789210749163,-0.061516621838031,-0.00180020558404981,-0.741419599124982,-0.163976488982445
"w_gam","KM",NA,1000,15,0.522318540419891,0.200865800865801,0.566068851783137,-0.381529758959625,0.0630570023348111,-0.00863369467686748,0.01428706242667,-0.0129267674719344,0.0193329975683199,-0.0182981043616099,-0.0620889738030004,-0.162848654955067
"w_gam","Cox",NA,1000,15,0.531858530108164,0.203413729128015,0.567717996289425,-0.370833809333761,-0.20981536626026,-0.0508854383102633,0.0210651273477324,-0.0115839558530453,-0.0629470342483778,-0.0377588054976623,-0.696823150876081,-0.17800950441865
"w_gam","RSF",NA,1000,15,0.523548941843829,0.151861471861472,0.551020408163265,-0.360020282187943,-0.10215789858765,-0.0302218107427425,0.0268914796856986,-0.00886002320252777,-0.0179809532603699,-0.0245327194778253,-0.43980239785378,-0.166739144258363
"RSF_regression",NA,100,NA,15,0.530454077237245,0.186505875077304,0.562976705833849,0.00803778045701453,-0.211803860912322,-0.0142309174817827,0.00472073088971477,0.00775721050693789,-0.0862001436757207,-0.00670992234718826,-0.662417347993031,-0.17716358552764
"RSF_regression",NA,200,NA,15,0.5383695867537,0.26126159554731,0.589981447124304,0.0788143672073727,-0.210148854562515,-0.00946848288237367,0.0234200008848814,0.0117445084304924,-0.0686009863291491,-0.00142349476755399,-0.724265219764485,-0.175253209395707
"Cox_regression",NA,NA,NA,15,0.531885896687878,0.213024118738404,0.569367140795712,0.0329794065000324,-0.148728709988761,-0.00695903341037751,0.021942583928933,0.00471351328104563,-0.0348339612441913,-0.00213881107577318,-0.567081966826986,-0.180865092915536
"w_RF","KM",100,1000,16,0.538091492257669,0.211416202844774,0.572253143681715,-0.0158946719034336,0.143315182286642,0.0173474505932137,0.0685285207434079,0.010116542287007,0.0918167131823401,0.00954741279797411,0.0323762777697675,-0.168410860056411
"w_RF","Cox",100,1000,16,0.549641974945598,0.340049474335189,0.618635332921047,0.0775423034506859,0.00868084095770763,0.0146310003355193,0.14232168502794,0.0338742457360929,0.092482568129732,0.0195640967688113,-0.303867848418674,-0.163557813678255
"w_RF","RSF",100,1000,16,0.547610820779526,0.307841682127396,0.606060606060606,0.0577383734606196,0.0464489689335698,0.0161231475834037,0.117162618967256,0.0255814035734961,0.0903406658432822,0.0168013551790934,-0.220727088378448,-0.160398028902003
"w_RF","KM",200,1000,16,0.538215419967905,0.181471861471861,0.561739847454133,0.00211793577921293,0.121335570577425,0.0124134250759661,0.0717462319478646,0.0101595535009097,0.0871592988496296,0.00801951436053161,-0.014147904605638,-0.177555938751507
"w_RF","Cox",200,1000,16,0.546433507532284,0.303240568954855,0.604411461554319,0.103372047359738,-0.0414694106046279,0.00726125342086115,0.131655886498763,0.0276968622731556,0.0659712218783374,0.0134249488691067,-0.385204484163811,-0.174647124611527
"w_RF","RSF",200,1000,16,0.541485851236337,0.272925170068027,0.593692022263451,0.068121280706566,0.0227042506123478,0.0110384559044541,0.100665895348963,0.0189105908458307,0.0763398212269517,0.0117847480583596,-0.227041999752479,-0.169655052470739
"w_gam","KM",NA,1000,16,0.529381894791675,0.190092764378479,0.567305710162853,-0.652085317195825,0.164743823239459,-0.000957949586151363,0.052454122074371,-0.0264870113408175,0.113112467383428,-0.0161698512755539,0.114678345699893,-0.18775336638548
"w_gam","Cox",NA,1000,16,0.542756635383672,0.322535559678417,0.611008039579468,-0.306252600291927,-0.00960668836196703,-0.00905499315906533,0.114588511124798,0.00739137359596465,0.0857954278231555,-0.00439376550568626,-0.295123351593954,-0.178209599719167
"w_gam","RSF",NA,1000,16,0.538359302139958,0.25543599257885,0.58668315811173,-0.290486463004127,0.0363461204954616,-0.000563084477886777,0.0791134257487279,-0.00228726088943243,0.086052781964433,-0.00410525054528321,-0.17973656987647,-0.172642119618052
"RSF_regression",NA,100,NA,16,0.552692907134035,0.39291280148423,0.63821892393321,0.0736052466869332,0.0345835568297164,0.0120884980513505,0.11620794464708,0.0234536764500438,0.08650075690604,0.0131563504857847,-0.277164068495293,-0.186930870780625
"RSF_regression",NA,200,NA,16,0.554375383335714,0.339455782312925,0.615543186971758,0.108507996527432,-0.0112703723348949,0.00998909039278184,0.0941371229738215,0.0212904362517075,0.0573887669441569,0.0118227983602121,-0.373201455498008,-0.187547891009254
"Cox_regression",NA,NA,NA,16,0.545102859999496,0.27139146567718,0.592249020820449,0.0337375819002707,0.00639601532549939,0.00543130283888826,0.0559465451978699,0.0112069242714429,0.0518480482624724,0.00532427889390397,-0.307827942501977,-0.195415825195953
"w_RF","KM",100,1000,17,0.537886996530736,0.258627087198516,0.585034013605442,-0.124988884165203,0.0881564769378286,0.0108313576491852,0.0855363621396219,0.0123292648390418,0.0824555335520117,0.0101535092519941,-0.0248297971984813,-0.118537151660216
"w_RF","Cox",100,1000,17,0.555212951917955,0.393494124922696,0.63265306122449,0.112056914952687,-0.126734213342547,-0.00679298781131576,0.161961096456598,0.0456715983731625,0.0712939784714761,0.0221837344828402,-0.607325851249042,-0.111983922559886
"w_RF","RSF",100,1000,17,0.553037293781369,0.417625231910946,0.645640074211503,0.0933860896466695,-0.0777127401072182,0.0034153610214408,0.165470715145679,0.0402130236011921,0.0810370735503824,0.0225245951928019,-0.475171748927891,-0.113948857568054
"w_RF","KM",200,1000,17,0.538772264324244,0.298726035868893,0.604617604617605,0.0228549441228282,0.0925877492548052,0.0122402022153089,0.0914993425961491,0.0137346863818321,0.0904220925272951,0.0124048980179285,-0.0457664527946795,-0.124866981063159
"w_RF","Cox",200,1000,17,0.559756111938147,0.478256029684601,0.664192949907236,0.227964718019987,-0.144670242260589,0.00183746186123335,0.176347543677143,0.0486818846366512,0.0835100278042838,0.0295502447828823,-0.674355537539993,-0.11133467542771
"w_RF","RSF",200,1000,17,0.557686557326448,0.475077303648732,0.665017522160379,0.190385347606948,-0.0985875464603784,0.00775596327235539,0.175569109785253,0.0392773668966924,0.0937192224382728,0.0262668572029706,-0.549704390350548,-0.113952968163567
"w_gam","KM",NA,1000,17,0.525932666060055,0.194124922696351,0.560709132137704,-0.547641588328105,0.137069348744868,0.00794425297543511,0.101262203298057,0.00613288347628349,0.113757817223396,0.00558031059527919,0.10331605327211,-0.132062863753725
"w_gam","Cox",NA,1000,17,0.549382616813014,0.394817563388992,0.637600494743352,-0.357838221344745,-0.143228230773894,-0.0308619057468151,0.158127826389629,0.0326734917574191,0.0665285038560163,0.00608034220888465,-0.616797531462294,-0.131564054189785
"w_gam","RSF",NA,1000,17,0.546029102374897,0.329820655534941,0.607297464440322,-0.288781347625714,-0.0754770675250749,-0.0137137901539111,0.138363967244194,0.0267316975315831,0.0725285012667937,0.00948451943107598,-0.442615937246605,-0.127662639903106
"RSF_regression",NA,100,NA,17,0.559529972102275,0.456239950525665,0.658833230261802,0.207730264922908,-0.0767872936448055,0.00922674414206714,0.16342314513363,0.0397028559667723,0.0749842956383845,0.0255087352534668,-0.499403156251618,-0.147965542802541
"RSF_regression",NA,200,NA,17,0.560216965632104,0.512974644403216,0.681302824159967,0.261105288517542,-0.101085654520254,0.00990966461737941,0.170998795152159,0.039767778858788,0.0799438802884932,0.0269058427444744,-0.553491004635147,-0.144940814621509
"Cox_regression",NA,NA,NA,17,0.544150319757441,0.331440940012369,0.612863327149041,0.0322235774863612,-0.0418336285989681,0.00251839744840532,0.144137641968948,0.0278112422753582,0.0856319411129412,0.0179904772775589,-0.358842515471831,-0.160061766657624
"w_RF","KM",100,1000,18,0.546815812154464,0.332937538651824,0.607297464440322,0.0180352355669793,0.130992782839626,0.0265030290511848,0.0972828911574975,0.0149267170338317,0.135117904211276,0.0228865190624837,0.0275620853301415,-0.141170008388346
"w_RF","Cox",100,1000,18,0.553646654474365,0.49239332096475,0.668315811172954,0.0390446880446635,-0.0333190294417858,0.000787772532125031,0.165914017129147,0.039005913551131,0.0933486774758403,0.0157716760867824,-0.38792569492867,-0.147841598254202
"w_RF","RSF",100,1000,18,0.553658216140085,0.461410018552876,0.657596371882086,0.118399621999934,-0.0056553531543852,0.0139442664747798,0.132942236353497,0.0337696185594438,0.0971982243090115,0.0231553045113262,-0.329225603622278,-0.139073402962856
"w_RF","KM",200,1000,18,0.549131298480167,0.377711811997526,0.623995052566481,0.123675730459208,0.0866580651349569,0.0225071238253814,0.0854183273571723,0.0201739963330232,0.112337555835598,0.0223653159100661,-0.107044715328182,-0.151993007089083
"w_RF","Cox",200,1000,18,0.557492484917282,0.484885590599876,0.666872809729953,0.139084727296227,-0.0842770062012795,-0.00021996337869945,0.15238467911293,0.0395992645794317,0.0741394677205219,0.016520920659441,-0.543704447550318,-0.156268279475438
"w_RF","RSF",200,1000,18,0.556045174581152,0.485615337043909,0.669140383426098,0.153098909746001,-0.0363068437351449,0.0135308537484992,0.155526706884219,0.0359662243063116,0.0953442176600563,0.0237510382333627,-0.433906226478548,-0.144067332378255
"w_gam","KM",NA,1000,18,0.541912614828362,0.317748917748918,0.614100185528757,-0.678546969319066,0.167803453479205,0.0202635273006004,-0.0050083502534081,-0.0626364935896744,0.108413484509452,-0.00662250569312683,0.139250068258082,-0.146352908262577
"w_gam","Cox",NA,1000,18,0.555251623888503,0.499406307977737,0.667697381983096,-0.292037600621829,-0.0394575957511031,-0.00654250028354997,0.0640878046785078,0.000822769939741619,0.0744722147377141,0.000202207601360582,-0.40047321096246,-0.146881296960152
"w_gam","RSF",NA,1000,18,0.552211956864476,0.432232529375387,0.649762935477221,-0.325062077125217,0.0259781319509861,0.0117393951791711,0.0408892284061763,-0.0125135980753461,0.0912706722117113,0.00717412914672733,-0.242814395368256,-0.137658212744741
"RSF_regression",NA,100,NA,18,0.553759117950012,0.488385899814471,0.666872809729953,0.214299260284374,-0.0369454437657172,0.0143345712012822,0.169259842635902,0.0440102603033012,0.0880229284525919,0.0239564195196916,-0.405990459935604,-0.158015714409385
"RSF_regression",NA,200,NA,18,0.560277795295453,0.464094001236858,0.662131519274376,0.235446291222526,-0.0503911876009296,0.0186211424341128,0.177233371635726,0.0479509929989089,0.0944901771775147,0.029844444283366,-0.478174266698086,-0.153557373495586
"Cox_regression",NA,NA,NA,18,0.555859136869101,0.452702535559678,0.65285508142651,0.164883946459398,-0.0381138078050583,0.0139836232587431,0.201809359131745,0.0461031493366931,0.1040771966314,0.0250591049268123,-0.44164739172827,-0.159100512759464
"w_RF","KM",100,1000,19,0.548673960215974,0.381917130488559,0.62605648319934,0.0683816644667129,-0.00865820312944112,0.00546446619546903,0.0878959011243169,0.0167969548411858,0.0344396215203629,0.00575112115111587,-0.208669015402976,-0.0821060601506154
"w_RF","Cox",100,1000,19,0.556352016679603,0.428769325912183,0.648526077097506,-0.0199946780305238,-0.146666986757246,-0.0196906154511769,0.114164452193163,0.0251997209730498,0.0153513608552137,-0.00227668890988775,-0.508635735452919,-0.0937934663269662
"w_RF","RSF",100,1000,19,0.558366713313655,0.432925170068027,0.644815501958359,0.0950550382278189,-0.12444359115553,-0.00894128333444533,0.0770652202923465,0.0211230093881212,-0.000680230573578574,0.00155707923181225,-0.469330606416269,-0.0877108551822132
"w_RF","KM",200,1000,19,0.547449051857475,0.43865182436611,0.653267367553082,0.110770652723914,-0.035390589997941,0.00519960565453748,0.0849708496019055,0.0169815754305152,0.0288000383026866,0.00736462679697303,-0.260965317817824,-0.0935315808516146
"w_RF","Cox",200,1000,19,0.547554432502564,0.361978973407545,0.625025767882911,0.0092544130244292,-0.16126768640548,-0.0164977323668662,0.103218486841194,0.0219436888832769,0.0123929436194064,-0.00038374460796553,-0.527529679208113,-0.10556542586776
"w_RF","RSF",200,1000,19,0.554790570131952,0.385504019789734,0.632240775097918,0.0949110938056145,-0.146795749492958,-0.00527071265364309,0.0872165549352071,0.0217350072278857,0.00536188843677646,0.00593765770930177,-0.514490687204553,-0.0951666604882255
"w_gam","KM",NA,1000,19,0.54200325206937,0.34682745825603,0.617604617604618,-0.143304124466509,-0.0256389244042832,-0.00925512599786171,0.0857863118292548,0.00137046919492045,0.0331414630127398,-0.0110242960758098,-0.209203071184404,-0.0909981638543138
"w_gam","Cox",NA,1000,19,0.543751664277661,0.356153370439085,0.622139764996908,-0.211805698229783,-0.176529444735321,-0.0518794551304285,0.0786302169364411,-0.0011094042181452,-0.0145209309249121,-0.031782542226406,-0.505837720439286,-0.109063823438257
"w_gam","RSF",NA,1000,19,0.542449703404475,0.327297464440322,0.61038961038961,-0.0526923214310713,-0.167345270371223,-0.0362942748387358,0.0436156861464887,-0.00325141558827169,-0.0309716417117988,-0.0239163175539479,-0.485891558950737,-0.100189595356143
"RSF_regression",NA,100,NA,19,0.557661909429301,0.423673469387755,0.643166357452072,0.170730218564515,-0.152990716736101,-0.000466982864858467,0.088311924389043,0.031565779593056,0.00253321925571749,0.012645485187888,-0.512706844010363,-0.113436755288482
"RSF_regression",NA,200,NA,19,0.554678390735568,0.445837971552257,0.646464646464646,0.165109487887942,-0.148334753416452,-0.00117852209405434,0.117129093609467,0.0317557576880938,0.0204535729545695,0.0126641864341578,-0.507687333887512,-0.113902835523726
"Cox_regression",NA,NA,NA,19,0.546965207390243,0.361311069882498,0.620078334364049,0.104723419554035,-0.166861866079264,-0.0068995655990689,0.0919961649184916,0.023669772374617,0.00134192358250361,0.00678739513320514,-0.504252680796341,-0.120805210967984
"w_RF","KM",100,1000,20,0.515875439757716,0.0605936920222634,0.520717377860235,-0.0846706727538757,0.023381087108594,-0.00050927601865336,0.0337403978717813,-0.00282095283485617,0.0229496234539783,-0.00383800407147761,-0.0455119530019664,-0.141723749701649
"w_RF","Cox",100,1000,20,0.53671564569096,0.288831168831169,0.594104308390023,-0.0121597853025992,-0.20957211910783,-0.0209534561650015,0.128394035957965,0.0223250429572263,0.0291726489839493,0.00118622257700707,-0.651131892591058,-0.129200021057723
"w_RF","RSF",100,1000,20,0.533272074081484,0.244101014351383,0.581948243214812,0.027496219111682,-0.143906643198354,-0.00864990840678925,0.0977955380492958,0.0150770654667142,0.0273119349018496,0.00410816927317292,-0.477846809341581,-0.127177983293505
"w_RF","KM",200,1000,20,0.525023890044077,0.195374149659864,0.565656565656566,0.0421514626926101,0.0134352286704101,0.00504486058044329,0.0970646607703672,0.00620115333837445,0.0631408149680607,0.00420488063062974,-0.0934032637463946,-0.139035304592344
"w_RF","Cox",200,1000,20,0.544300867703427,0.397414965986395,0.634096062667491,0.15778535742591,-0.198927378762806,-0.00392946550419571,0.160377499579701,0.0362129096352413,0.0528816849700867,0.0168338897812008,-0.666310104013813,-0.132927297173236
"w_RF","RSF",200,1000,20,0.537937283579612,0.293605442176871,0.598227169655741,0.085007602148773,-0.137830087892084,-0.00149663900798602,0.156155454635098,0.0223919457989875,0.0649714629286395,0.010757635499496,-0.496174828550369,-0.123005457158158
"w_gam","KM",NA,1000,20,0.502907774852563,-0.0685714285714286,0.477221191506906,-0.653897871788319,0.124265202103342,-0.0202066425794125,-0.0463937848864454,-0.049339846368101,0.00255661965739715,-0.0410015128703138,0.25579868028027,-0.159201146494288
"w_gam","Cox",NA,1000,20,0.540617863580931,0.347161410018553,0.612863327149041,-0.313527515851656,-0.17211187984382,-0.044491336818133,0.118647325512437,0.00347536813551808,0.0300075626254111,-0.0215439364265835,-0.560626738872107,-0.148806564741781
"w_gam","RSF",NA,1000,20,0.52786728415425,0.227210884353741,0.574933003504432,-0.343929368144867,-0.0739563871445411,-0.0262420487887889,0.0700054906223241,-0.0105946593174806,0.0248941289496423,-0.0205055463377841,-0.276567700538623,-0.145545072198468
"RSF_regression",NA,100,NA,20,0.541190373323174,0.359134199134199,0.622345908060194,0.0818041224808226,-0.139263334005805,-0.00149549619703393,0.163340377540909,0.0354036715333901,0.0818075190290542,0.0183000350583752,-0.522868366394228,-0.156299956376312
"RSF_regression",NA,200,NA,20,0.539251502039965,0.351379097093383,0.622345908060194,0.13513874326304,-0.149217401916483,0.000314032719557988,0.168246193036395,0.0347568078662386,0.0803354876113873,0.0186318196102004,-0.526942030012612,-0.15375259832112
"Cox_regression",NA,NA,NA,20,0.536560280593622,0.332084106369821,0.615337043908472,0.0717320817907164,-0.071425601209613,0.00175342353017272,0.170014328591845,0.0271016067009132,0.0972027140487928,0.0139586838590553,-0.355380828156212,-0.169508254994398
"w_RF","KM",100,1000,21,0.524358400552337,0.16278293135436,0.554730983302412,-0.0823361148104809,0.159253164176449,0.00522315773631676,0.0248397072404017,-0.003334695364827,0.0603228847135667,-0.00328178287432013,0.165836347888428,-0.196459379589495
"w_RF","Cox",100,1000,21,0.551407233761568,0.410983302411874,0.635332921047207,0.091472744406911,-0.190083923358141,-0.0132305000489252,0.074909723865814,0.0143185347943274,0.0107797627291321,0.00236602003574038,-0.809998156801826,-0.189314796594318
"w_RF","RSF",100,1000,21,0.548004303086622,0.353271490414348,0.621727478870336,0.0869229221784654,-0.1499209365428,-0.00367510817345096,0.0768365905483899,0.0175266420252206,0.033272741822385,0.00781325419504619,-0.738502463712052,-0.181749909078901
"w_RF","KM",200,1000,21,0.523317752038647,0.172059369202226,0.556173984745413,-0.00902377604010685,0.124846865664381,0.00434812326994916,-0.0198614888520881,-0.000726379331729365,0.0273627793776331,-0.000756133339997023,0.117549413699522,-0.202003772845651
"w_RF","Cox",200,1000,21,0.549603911313064,0.354124922696351,0.617192331478046,0.0528795697206341,-0.277205932608454,-0.0169066493993446,0.0286084151707896,0.0122794982439122,-0.0355225185307364,-0.00130322678672501,-1.03549627888023,-0.215248567315381
"w_RF","RSF",200,1000,21,0.548790057943149,0.420915275200989,0.641929499072356,0.125239781743675,-0.266464936609623,-0.00942677604903097,0.0416254860737385,0.0155572786026555,-0.0213336574286445,0.00485871187356834,-1.0118778602902,-0.196719787214057
"w_gam","KM",NA,1000,21,0.509897701340901,0.0116635745207174,0.505050505050505,-0.976082774116666,0.149036958846112,-0.0400633056887403,-0.0288931001858684,-0.0620713882438544,0.0342741891932322,-0.0494385030671181,0.276904003271523,-0.225380946127882
"w_gam","Cox",NA,1000,21,0.537826620130176,0.323116883116883,0.608328179756751,-0.569213308557216,-0.222864526294789,-0.0691440181676992,0.023566502325007,-0.0329580401092482,-0.0187720322228311,-0.0462916228609587,-0.766655032058454,-0.221252559919302
"w_gam","RSF",NA,1000,21,0.530417644260778,0.219233147804576,0.573077715934859,-0.535144530944106,-0.115380146361677,-0.0511067859742289,0.018964816463227,-0.0362573135246034,0.0165608937442758,-0.0387219157493017,-0.476230592421791,-0.207405787753675
"RSF_regression",NA,100,NA,21,0.550082589558994,0.435213358070501,0.646464646464646,0.0730557764262161,-0.242146472926869,-0.0181295655639591,0.0108956445605649,0.00237935446215709,-0.0328586854520602,-0.00543096650791974,-0.946646252105183,-0.217124234428999
"RSF_regression",NA,200,NA,21,0.547411223750469,0.388311688311688,0.635126777983921,0.0971571850340607,-0.281943659718733,-0.0167416266837315,0.0137728808686779,0.00722292934798963,-0.046103769920109,-0.00295554665157916,-1.04817543634193,-0.216494096552035
"Cox_regression",NA,NA,NA,21,0.540628443322288,0.36413110698825,0.627911770768914,0.0138899736684056,-0.26060394618994,-0.0235003259193749,0.00782316316774708,-0.00137937405810695,-0.0498225364378503,-0.0111384750138241,-0.931554106962464,-0.227051252692885
"w_RF","KM",100,1000,22,0.553895041331039,0.433531230674088,0.647083075654504,0.185456125487212,0.0051937717584167,0.0178819003766516,0.0628709737966016,0.022642567935606,0.0254298253946151,0.0162411469860378,-0.349922067039731,-0.150452070626411
"w_RF","Cox",100,1000,22,0.557591081363555,0.529338280766852,0.685837971552257,0.221193804467659,-0.183907726007445,-0.010947550663394,0.106222453085242,0.0336450389436838,0.00257971871380214,0.00671607441546529,-0.802260320617714,-0.151093830454965
"w_RF","RSF",100,1000,22,0.560287364209326,0.403475572047001,0.637600494743352,0.138342834717017,-0.131048664081436,0.0023167241653903,0.0969788262045698,0.0293622574493384,0.00750355131972945,0.0120260609607713,-0.691537862847361,-0.144277364481922
"w_RF","KM",200,1000,22,0.555916725610464,0.420568954854669,0.641104926819212,0.152595112065175,-0.0225755687320012,0.0151424835940485,0.0841594031618636,0.0194321415852738,0.0344417636563074,0.0145440508753922,-0.432732143055257,-0.16409758375118
"w_RF","Cox",200,1000,22,0.563879944680806,0.490723562152134,0.670377241805813,0.250552840535528,-0.215404601988497,-0.00139032885824353,0.1353633478337,0.0426350499045,0.0322055446284622,0.0191753350391484,-0.925756884890316,-0.160820745953415
"w_RF","RSF",200,1000,22,0.562861184717545,0.467829313543599,0.660894660894661,0.226892436903555,-0.138881374303506,0.00720569538266935,0.126471823052488,0.0339075140983434,0.0336717111212055,0.0185588497754088,-0.743920176966268,-0.156185446154787
"w_gam","KM",NA,1000,22,0.540301721862694,0.277748917748918,0.596990311276026,-0.196908421550452,0.0531603371137726,0.0100457687853398,0.094762651163464,0.0135331839939619,0.0541430493041751,0.000627067472739329,-0.146167555942057,-0.15504396524691
"w_gam","Cox",NA,1000,22,0.55543109909948,0.407408781694496,0.644197072768501,0.0112458573792426,-0.21801331002723,-0.0277927215754836,0.123201141370935,0.0361424006237308,-0.000683038439433686,-0.000811394012550037,-0.867429137760925,-0.155692107618568
"w_gam","RSF",NA,1000,22,0.551466908776116,0.429536178107607,0.650793650793651,0.0585885729991571,-0.117406462219869,-0.00421570150608552,0.111696201869481,0.0317809831076254,0.0200670163239708,0.00898410561175833,-0.595814070539306,-0.148018423714961
"RSF_regression",NA,100,NA,22,0.559578982929172,0.47534941249227,0.66295609152752,0.173930597231163,-0.236007279845268,-0.00841600105726292,0.049399129310868,0.0196589309511394,-0.0150291277823297,0.00809550300469009,-0.941085666299344,-0.193986936945938
"RSF_regression",NA,200,NA,22,0.566751475354455,0.548719851576995,0.691403834260977,0.294594085611987,-0.230879748312754,0.000774363178609128,0.0754764488641529,0.0303541135709192,-0.000112925685860583,0.0172673357772856,-0.962943181921315,-0.183638263922669
"Cox_regression",NA,NA,NA,22,0.563480886373954,0.492047000618429,0.666872809729953,0.197070241009587,-0.212654776838503,-0.002000256582249,0.0745165646598026,0.0269460194191619,0.00467576025507897,0.0154866078438073,-0.898711479248268,-0.198118905958236
"w_RF","KM",100,1000,23,0.540341507455161,0.332467532467532,0.614512471655329,0.104455060419214,0.0192251839372721,0.0103536351408841,0.0971269707664566,0.0190664924456172,0.061196642756725,0.0124106733905486,-0.193366704005141,-0.163381224734078
"w_RF","Cox",100,1000,23,0.555531717240801,0.457353123067409,0.655122655122655,0.17165255615286,-0.156353740989327,-0.00018390017468084,0.0873023552401326,0.0274579521433485,0.00850667382484359,0.0107056035306879,-0.671501744527305,-0.165422811909144
"w_RF","RSF",100,1000,23,0.552669667390166,0.444081632653061,0.655947227375799,0.177160068207581,-0.0873490754653267,0.00859897850301672,0.0965276099747114,0.028490879574856,0.0322009888811789,0.0165271341156656,-0.479055697786633,-0.152331462197942
"w_RF","KM",200,1000,23,0.540503777404835,0.376215213358071,0.628736343022057,0.158449562952621,-0.0153901072595244,0.00726432275451327,0.0879426916091411,0.0154980510858211,0.0486045548597075,0.00993532839922229,-0.268313118080411,-0.171687435370858
"w_RF","Cox",200,1000,23,0.559427829623087,0.470030921459493,0.664192949907236,0.239546284359404,-0.178209000020822,0.00351442573322824,0.0796571822874724,0.0286514123674979,0.00494503277124126,0.0146330197193363,-0.737195052712313,-0.169411964297471
"w_RF","RSF",200,1000,23,0.557572615802479,0.49813234384663,0.672026386312101,0.242971060567258,-0.13611077323743,0.00807654074100927,0.0809670407493186,0.0255091576373647,0.0149707433028304,0.0154674631418201,-0.61579962772624,-0.163985642942784
"w_gam","KM",NA,1000,23,0.543658784412937,0.373531230674088,0.625644197072769,-0.0174247383492026,0.0357013106297054,0.00805880573768769,0.083272513926367,0.00252676616872161,0.0563804062315409,0.00124953114010329,-0.206831826829379,-0.165724898923246
"w_gam","Cox",NA,1000,23,0.560614360563828,0.561991341991342,0.696969696969697,0.163508741417511,-0.166345537199936,-0.0140976202644472,0.0428389648525157,0.00686995538620438,-0.0208256189697222,-0.00783693380217731,-0.713404483607166,-0.164388451972496
"w_gam","RSF",NA,1000,23,0.559542725459937,0.434953617810761,0.653679653679654,0.14770079821421,-0.0774929295728131,0.00662804242659465,0.0660861280312883,0.0154289419909563,0.0164410243965707,0.00718372132905487,-0.521133670843071,-0.153025034981985
"RSF_regression",NA,100,NA,23,0.549419912156415,0.389412492269635,0.632240775097918,0.110899141025049,-0.121672867024892,0.0010986946313617,0.109915127679854,0.026385678452583,0.039145258259357,0.0118012226448064,-0.581375162268011,-0.175524086132773
"RSF_regression",NA,200,NA,23,0.557189266659624,0.401657390228819,0.641104926819212,0.165978687946157,-0.139237185282585,0.00551715326858548,0.095182709930356,0.0278906288873663,0.0255507532975509,0.0152726956517105,-0.666109356733057,-0.173640812681762
"Cox_regression",NA,NA,NA,23,0.56345789639336,0.474421768707483,0.661306947021233,0.231985462197919,-0.17990891145522,0.00374701950704337,0.0455045456033258,0.02178950154604,-0.0252770545234346,0.0104817688844164,-0.808862534458042,-0.178302670709137
"w_RF","KM",100,1000,24,0.531981981004306,0.239715522572665,0.581735724592867,0.015427859912724,-0.000301216856620965,0.00196961974308874,0.00202525310488381,0.000147674828195887,-0.00669018002803037,-0.00130298437772103,-0.200245502041209,-0.191235399867612
"w_RF","Cox",100,1000,24,0.542722405021531,0.40817563388992,0.639249639249639,0.0428287965594225,-0.268565243080628,-0.0293349182704778,0.0738529625521104,0.0165646109647002,-0.0489998096815998,-0.00795696281637315,-0.857658736099206,-0.199400414688763
"w_RF","RSF",100,1000,24,0.539232336956522,0.346060606060606,0.617192331478046,0.126810397866375,-0.241896350235572,-0.0154085034390539,0.042768536242467,0.0140613482890719,-0.0557625793830477,-0.000732978363320758,-0.78005718574629,-0.194444219916479
"w_RF","KM",200,1000,24,0.53317789363106,0.307557204700062,0.608946608946609,0.097519538363643,0.0099542232952959,0.00624688333965095,0.0128388513265098,0.00549230578469673,0.00565307961312892,0.00389271583079998,-0.20598446868098,-0.19324081982006
"w_RF","Cox",200,1000,24,0.543768557264898,0.344761904761905,0.620078334364049,0.113461339022647,-0.293240288336437,-0.0197503911860657,0.0840278623439667,0.0226154683863989,-0.049384107939757,0.000249474187636323,-0.927505776956643,-0.209835086780071
"w_RF","RSF",200,1000,24,0.543492911341853,0.392665429808287,0.636569779426922,0.166011057683222,-0.253772907194381,-0.00963073161394856,0.0384171207440777,0.0165661174304818,-0.0543320892071433,0.00406524656866614,-0.834077748127881,-0.190712248062252
"w_gam","KM",NA,1000,24,0.522344140679261,0.212628324056895,0.57555143269429,-0.225091878904413,0.025189379877599,-0.0194338274607933,0.00375499563461356,-0.025835370988408,0.0221810137076047,-0.023838081205356,-0.0788215328255549,-0.202788568020319
"w_gam","Cox",NA,1000,24,0.533310290491735,0.327928262213977,0.617604617604618,-0.423863935937563,-0.271833919348711,-0.0787983938393981,0.0472392418485598,-0.0193096022415153,-0.0572099173498924,-0.0501142740708673,-0.811290010935601,-0.223245472935861
"w_gam","RSF",NA,1000,24,0.530598325288234,0.324192949907236,0.612657184085756,-0.238427266240761,-0.218172402515619,-0.0479075772088355,0.0222861750542721,-0.0134992010934274,-0.0504082921792377,-0.0305274630265691,-0.668738742008894,-0.207411803375361
"RSF_regression",NA,100,NA,24,0.540760326955133,0.360952380952381,0.626881055452484,0.158645247805818,-0.283692100996231,-0.0166716107296745,-0.0232158619610473,0.01021160313002,-0.10387004536834,-0.00292748338241267,-0.871094509578123,-0.202789543386644
"RSF_regression",NA,200,NA,24,0.542063676378664,0.451601731601732,0.662543805400948,0.17892037493731,-0.291523315403797,-0.0118889639494282,0.00671771404372141,0.0148138966600957,-0.0886583542079622,0.0017865121493239,-0.910254570224624,-0.202435790544578
"Cox_regression",NA,NA,NA,24,0.539492789797194,0.343760049474335,0.623788909503195,0.178828038296732,-0.235283933111566,-0.00632097886422378,0.0274983235435429,0.016185045279149,-0.0604666237978563,0.00437051579883885,-0.764823033609869,-0.206829546572711
"w_RF","KM",100,1000,25,0.515783901285617,0.0656277056277056,0.518862090290662,-0.160491779819389,0.260480444863531,0.0177060669405604,0.0410283191158295,-0.00507729996526796,0.117299009839711,0.00289374698965106,0.358571972863237,-0.166819428217754
"w_RF","Cox",100,1000,25,0.542960368563708,0.387779839208411,0.630591630591631,0.0935339872405925,-0.0929505526258682,-0.000291736802756626,0.0350959355210759,0.0191601298320293,0.0510067198964212,0.0170009320653862,-0.495622293669283,-0.153085090335261
"w_RF","RSF",100,1000,25,0.537507151290567,0.323834260977118,0.61245104102247,0.0879833987703601,-0.0891843114708399,0.00150668176443081,0.0265687996890034,0.0106522297783178,0.0532623790122105,0.0133084370827672,-0.472000111171247,-0.161838422610948
"w_RF","KM",200,1000,25,0.519958483436621,0.135361781076067,0.545042259327974,-0.0346476372141471,0.254080997374046,0.0167374983451832,0.0242155482727475,-0.000510419706122311,0.097624333951263,0.0052422011704174,0.345637091628886,-0.17051161434865
"w_RF","Cox",200,1000,25,0.552742396185145,0.508670377241806,0.682951968666254,0.252586013837955,-0.145992705246726,0.00480366113183617,0.0582773433418796,0.0274239319597274,0.0486164041869876,0.021885745148524,-0.639992608823611,-0.163067152258838
"w_RF","RSF",200,1000,25,0.54451515552559,0.370228818800247,0.631416202844774,0.188724994994652,-0.107726088499943,0.00989855143279927,0.049312829840905,0.0250355539321695,0.061034301266635,0.0225665128628514,-0.524636088973217,-0.160525298599736
"w_gam","KM",NA,1000,25,0.51557027439072,0.0505132962275819,0.523191094619666,-1.12710030324549,0.273898363462378,0.00952827054829908,0.0645642406797158,-0.0379828580965893,0.15275789901038,-0.0154636549377782,0.380393729860797,-0.189221803840853
"w_gam","Cox",NA,1000,25,0.544523492184903,0.373283858998145,0.625231910946197,-0.104655052223475,-0.022294584742563,0.00137408530472971,0.0808982005655676,0.0148649322899845,0.109301984957913,0.01627615272087,-0.361361082621401,-0.169030740488852
"w_gam","RSF",NA,1000,25,0.538511718737788,0.363945578231292,0.625644197072769,-0.116122759411656,0.0177204160305707,0.00729863141141729,0.0661102274136004,0.00960475744870659,0.112992087302341,0.0150830291802331,-0.258778501843977,-0.173322029578127
"RSF_regression",NA,100,NA,25,0.551264723321909,0.419591836734694,0.651205936920223,0.172833592998957,-0.107157228113932,0.00218642378536515,-0.0132126763084885,0.00350965691144434,0.0228027254927629,0.00793689945429921,-0.569603279303988,-0.184079652716265
"RSF_regression",NA,200,NA,25,0.550098633100497,0.43408781694496,0.653061224489796,0.192787806762426,-0.127641718026852,0.00406473330941992,-0.00137332149224552,0.0104041991727533,0.0265696818518075,0.0108398467522848,-0.587695104171367,-0.184068198545601
"Cox_regression",NA,NA,NA,25,0.539318290526325,0.373222016079159,0.629767058338487,0.0310115336153908,0.0347965836998939,0.00264974936484308,0.0373708496632307,0.00414446816087621,0.0763857678332982,0.00411516589389571,-0.233680120421485,-0.206747375185512
"w_RF","KM",100,1000,26,0.548636528361546,0.345034013605442,0.615749330035044,0.112343356984167,0.0377694120109389,0.0110195994049261,0.062837685548216,0.015542337867821,0.0727512730657392,0.0135479211846106,-0.155999352452785,-0.204285585677043
"w_RF","Cox",100,1000,26,0.549697438160126,0.43408781694496,0.646258503401361,0.0608517214015648,-0.145853297243656,-0.00996079017308871,0.139055178288625,0.0288820592108506,0.0800813684638145,0.00955145552327241,-0.537138162845521,-0.20283662489336
"w_RF","RSF",100,1000,26,0.553372850124868,0.384143475572047,0.63162234590806,0.139577454793277,-0.0846780900624116,0.00701045651080745,0.102079591074418,0.030192209940397,0.0901966170563565,0.0211366587533608,-0.447625625220084,-0.199640209517947
"w_RF","KM",200,1000,26,0.548461352337012,0.391379097093383,0.627705627705628,0.133309770341725,0.0216631062821673,0.0119165340474359,0.077556639461497,0.0171828406261408,0.0870687209518731,0.0148295417738749,-0.200744372256953,-0.20760906985792
"w_RF","Cox",200,1000,26,0.555768382260362,0.410463821892393,0.640074211502783,0.111971972459313,-0.173764490537713,-0.00501546906895589,0.133613877536467,0.0309161268191487,0.0702461747309116,0.0127165464839896,-0.625272023200207,-0.212926813132197
"w_RF","RSF",200,1000,26,0.557663567875783,0.429165120593692,0.641929499072356,0.16050245293291,-0.0987175792483905,0.00888169799152061,0.143002579338268,0.0316569287752795,0.105858507596283,0.0210806920210871,-0.488529204162874,-0.20364448078863
"w_gam","KM",NA,1000,26,0.539448545874769,0.297328385899814,0.603380746237889,-0.108901667723305,0.0631432301439267,0.00798028038858667,0.0702748554589921,0.0123687673415332,0.0746084080176711,0.00741599233673784,-0.0467238725062762,-0.205669885437239
"w_gam","Cox",NA,1000,26,0.549409492569799,0.303821892393321,0.602556173984745,-0.066284355383587,-0.16732195952679,-0.0248202365069274,0.118147485310707,0.0210901114497462,0.0544451369799872,-0.0033780364763063,-0.551598026367744,-0.217230104162766
"w_gam","RSF",NA,1000,26,0.55124227172648,0.371713048855906,0.621727478870336,-0.0303375655608173,-0.0933633736359894,-0.000201539383585025,0.117427924003968,0.0287376006572073,0.0716779898904711,0.013082272096454,-0.412119280016552,-0.198487598871424
"RSF_regression",NA,100,NA,26,0.556533682517542,0.502906617192332,0.677179962894249,0.124823956713332,-0.129960824796096,-0.000312620414964604,0.0810322650497403,0.0233891357456286,0.0688590543043153,0.0151217758699171,-0.512335200802337,-0.216765807500406
"RSF_regression",NA,200,NA,26,0.553863342993561,0.425763760049474,0.646876932591218,0.157175766691106,-0.132558983751172,0.00168664105716798,0.084233305464679,0.0239897265531885,0.0752008968909901,0.0160106291724238,-0.518612910540033,-0.217323884953507
"Cox_regression",NA,NA,NA,26,0.554674626957182,0.434397031539889,0.654504225932797,0.141852460325493,-0.0863386229061099,0.0126677318263319,0.120579801458996,0.0329814114611188,0.100381263222275,0.024330474232258,-0.441908411214137,-0.212839465907648
"w_RF","KM",100,1000,27,0.54414292091554,0.365677179962894,0.621315192743764,-0.0288300242691908,0.0371969368912364,0.00517610945481006,0.0708334377545848,0.0128651075602081,0.0304255967909326,0.00411129414576028,-0.1901868569649,-0.160784200213629
"w_RF","Cox",100,1000,27,0.549992628584802,0.454397031539889,0.657184085755514,0.0563828597429321,-0.143682539260972,-0.0147832583641292,0.115447670566698,0.0353138436083574,-0.00620784270198868,0.00116471286868358,-0.678379888816816,-0.1657634099007
"w_RF","RSF",100,1000,27,0.547736872437402,0.378416821273964,0.627705627705628,0.0838023589897791,-0.114341653523395,-0.00772371441617259,0.0829630889990971,0.0242124968653884,-0.00572447715944238,0.00328700540202365,-0.578915527003922,-0.159372564502574
"w_RF","KM",200,1000,27,0.545930617972026,0.374359925788497,0.628530199958771,0.146859692747483,-0.0207699430391113,0.00863900171630139,0.05788995781032,0.0174628963183863,0.00717021353081675,0.00925567092765811,-0.338870129757935,-0.170901449542411
"w_RF","Cox",200,1000,27,0.549571993983276,0.3804329004329,0.629973201401773,0.0924593861006899,-0.23464189155665,-0.0182836626473015,0.0906744876584942,0.0350562206312032,-0.0437503657992485,0.000453044130199975,-0.895029980271493,-0.187826726579338
"w_RF","RSF",200,1000,27,0.552517467161118,0.455299938157081,0.654916512059369,0.212722242092896,-0.16120861398367,-0.00281495725560199,0.0815338496840697,0.0270607810933876,-0.0206233303774778,0.00800082001868374,-0.725183919335532,-0.166638251493385
"w_gam","KM",NA,1000,27,0.536419945915463,0.283735312306741,0.603793032364461,-0.57066885248068,0.0181997432962667,-0.0132326366113078,0.0659131880302315,-0.00683122465884822,0.0299924098927402,-0.0149002980332236,-0.150479739551448,-0.17106736359357
"w_gam","Cox",NA,1000,27,0.546598684692096,0.357155225726654,0.621109049680478,-0.358033978884258,-0.15991128913267,-0.0462919941107058,0.113731478934201,0.0185328921716419,-0.00321620553565807,-0.0243282841147265,-0.662782973978112,-0.178388390795339
"w_gam","RSF",NA,1000,27,0.543487225801397,0.336635745207174,0.614512471655329,-0.279698016981481,-0.105709459616054,-0.024602589523474,0.0752450719147319,0.00671283618128504,0.00161116492898673,-0.013201691202924,-0.496282812676216,-0.164737821632883
"RSF_regression",NA,100,NA,27,0.560448697527638,0.485343228200371,0.670583384869099,0.239851634987554,-0.185361658644412,-0.00161627049113733,0.0985998279948261,0.030195444333566,-0.0219016537835383,0.00710369809250022,-0.806249514728041,-0.19544071150614
"RSF_regression",NA,200,NA,27,0.565451981158044,0.496314162028448,0.673881673881674,0.249531198227755,-0.225644332533187,0.000773874743704495,0.0751183685847334,0.0317684722728564,-0.0448945889554691,0.00991732396048828,-0.952186966700666,-0.195703815652738
"Cox_regression",NA,NA,NA,27,0.562010612775951,0.520136054421769,0.684807256235828,0.26073394461679,-0.240585384551738,-0.00815191544326765,0.0295733634790408,0.0198585620730322,-0.0754756839672211,4.16282767304876e-05,-0.935262625465966,-0.20163065267529
"w_RF","KM",100,1000,28,0.535032288099467,0.222968460111317,0.576582148010719,-0.0435873419565971,0.0890941437516969,0.00793027700527715,-0.0165013857724758,-0.000252016002582289,0.00236690332154866,3.97500476967405e-05,-0.0629042735555338,-0.168306208919129
"w_RF","Cox",100,1000,28,0.546423342066329,0.365034013605442,0.624201195629767,0.0141498678001789,-0.173977495963685,-0.0146896334708153,0.0789665278937718,0.0229491171936768,-0.006637288771394,-2.57630030247036e-05,-0.697184837906309,-0.170091267892229
"w_RF","RSF",100,1000,28,0.549672321853968,0.448658008658009,0.652236652236652,0.113758601201571,-0.111557058177121,0.000707378881596665,0.0425325896924083,0.019135254266278,-0.0104012787754907,0.00752621856279989,-0.583262454633953,-0.16652021769087
"w_RF","KM",200,1000,28,0.531420251174484,0.179332096474954,0.562770562770563,-0.00623652922920881,0.0948336540419216,0.00923687945878937,-0.0133555580968503,0.00546875747840414,0.0109190259200062,0.00407283450938645,-0.0477035099320507,-0.178613579155544
"w_RF","Cox",200,1000,28,0.547197427854659,0.402745825602969,0.632859204287776,0.0824851352133509,-0.19112669228408,-0.00880353901999986,0.094347080790348,0.0285606307009362,0.0089838776838308,0.00755324696613191,-0.764031235068367,-0.186246549211967
"w_RF","RSF",200,1000,28,0.545828059192487,0.324192949907236,0.603174603174603,0.106654936953879,-0.156825153708599,0.00112671665161013,0.0757677547295417,0.0224108351636343,-0.000376389043564224,0.00964690177642635,-0.68237958879912,-0.175866114914124
"w_gam","KM",NA,1000,28,0.532885562863943,0.1773902288188,0.561327561327561,-0.366346039207622,0.0738554745941376,-0.00485546651832336,-0.0251771720491702,-0.0161507996179082,0.0034709221232859,-0.0159268703353952,-0.0768659594988964,-0.181263265749251
"w_gam","Cox",NA,1000,28,0.545635082876241,0.366988249845393,0.624613481756339,-0.208329757162233,-0.196356982774811,-0.0371110068181217,0.0590143406081845,0.00608063508159729,-0.0215485053590787,-0.0192906460227127,-0.72890235388886,-0.195215127128914
"w_gam","RSF",NA,1000,28,0.545589291885946,0.340606060606061,0.61142032570604,-0.138500088839427,-0.123239588604958,-0.0152535198630879,0.0489931582267327,0.00187743262081785,-0.00431524724084662,-0.0108659312282433,-0.5794344732756,-0.181218613180675
"RSF_regression",NA,100,NA,28,0.549602545106851,0.327012987012987,0.608122036693465,0.0820509813392517,-0.160900658272163,-0.00200229772581628,0.0553735966289299,0.0239970839835992,0.00378972452077841,0.0127618919306168,-0.694215707420927,-0.180340878529761
"RSF_regression",NA,200,NA,28,0.552105785909676,0.37191094619666,0.6281179138322,0.146061742150132,-0.167569934409246,0.00411891067084869,0.106963996020254,0.0306863804520021,0.0354714847607307,0.0181115175243473,-0.741115079390544,-0.174049231694811
"Cox_regression",NA,NA,NA,28,0.548552623115074,0.364774273345702,0.623582766439909,0.106997822061553,-0.193260656615105,-0.00303310959922265,0.0407155541066679,0.0202791468990399,-0.0146703935375942,0.00948116045148939,-0.784031023396128,-0.19215416725671
"w_RF","KM",100,1000,29,0.563419090954501,0.447594310451453,0.653267367553082,0.0219118564783697,-0.0212503348062161,0.00272936098855647,0.117894175927181,0.0228636821775138,0.0598919733121041,0.00922175565659977,-0.321234387742454,-0.0737959421069936
"w_RF","Cox",100,1000,29,0.566340666119137,0.513927025355597,0.672438672438672,-0.120990717374952,-0.0892616506714217,-0.0342084205552402,0.112826536256161,0.0152981343678836,0.0401723753006534,-0.0125863435549292,-0.454431338944522,-0.0753394685653415
"w_RF","RSF",100,1000,29,0.567896129000031,0.519270253555968,0.672438672438672,-0.0783274177319113,-0.0469293433025771,-0.0135597250988484,0.134772727046207,0.0211739605540409,0.0729056154260316,0.00205082327656525,-0.385387763008611,-0.0716736001568596
"w_RF","KM",200,1000,29,0.56916350017483,0.512455163883735,0.675736961451247,0.069266676887221,-0.00206695346213893,0.00908088208003388,0.126434314294333,0.022634349222778,0.0741088094965996,0.0133668062617927,-0.31452939128108,-0.0795216928482501
"w_RF","Cox",200,1000,29,0.570298442097633,0.536747062461348,0.683570397856112,0.0484600355963269,-0.135337584723417,-0.0250298251793655,0.0954249977540997,0.0204132676781072,0.0123925399836768,-0.00380191015006948,-0.574937134593182,-0.0832938438171298
"w_RF","RSF",200,1000,29,0.568834750365052,0.524761904761905,0.675118532261389,0.0682337709854662,-0.0941457722172993,-0.0114030510643854,0.103416457553553,0.0197595758349374,0.0347842041192085,0.00328826643369751,-0.477421923259974,-0.0841576107854012
"w_gam","KM",NA,1000,29,0.564234576348368,0.439121830550402,0.645846217274789,-0.552781025092048,0.0432700802253877,0.00696644221370113,0.104940742141415,0.00164983235608729,0.0755169448286861,-0.00421013748105636,-0.20653973127645,-0.0795945010501662
"w_gam","Cox",NA,1000,29,0.570573755542571,0.548633271490414,0.68418882704597,-0.538509302947295,-0.0460555074077085,-0.0317663160494766,0.126415183826804,0.00575875395847603,0.0669560590826371,-0.0201929751428012,-0.390469598558818,-0.0781508841267748
"w_gam","RSF",NA,1000,29,0.56996853062775,0.496425479282622,0.667903525046382,-0.385397418994884,-0.0137340486241819,-0.00693681055584494,0.122857996371465,0.0111531019616952,0.0757134802434797,-0.00442931945119085,-0.33061120056843,-0.074939551663131
"RSF_regression",NA,100,NA,29,0.575340046954302,0.569437229437229,0.695526695526696,0.24509408023526,-0.0692422882810444,0.0101823480954436,0.138988871734776,0.043024190324832,0.0649136525585799,0.0256113199462802,-0.465307109839664,-0.101626402602987
"RSF_regression",NA,200,NA,29,0.572008405772521,0.596116264687693,0.702535559678417,0.254857729507695,-0.0923308397599889,0.00780798494171764,0.121324248491937,0.0361023767932165,0.0456572473053372,0.0209385830956563,-0.496936770262138,-0.0999847301492593
"Cox_regression",NA,NA,NA,29,0.574248086455392,0.548385899814471,0.685013399299114,0.243809687837345,-0.0618696329531599,0.0176412469979512,0.132374813800625,0.0450667271960736,0.0556675142786402,0.0283344786445432,-0.457826222403475,-0.104296525377937
"w_RF","KM",100,1000,30,0.536683688669017,0.363141620284477,0.625850340136054,-0.0789140639224506,0.116942531659957,0.0113070734093502,0.089308722012493,-0.0097389390379925,0.0926172761428624,0.00726007950487217,-0.00208461511348511,-0.130848242124274
"w_RF","Cox",100,1000,30,0.54794789074466,0.437922077922078,0.650175221603793,0.0465496466957616,-0.043042563834096,-0.00539197961859172,0.181375145115023,0.0345092714917253,0.117189184000454,0.0168525418460286,-0.361298004227505,-0.125821020879344
"w_RF","RSF",100,1000,30,0.545885758774859,0.423995052566481,0.652442795299938,0.0172952205426551,-0.0162030201832103,0.00107058593894194,0.161065991313223,0.0160894134534371,0.111580179435683,0.0134046155547732,-0.283009117070204,-0.122122361721693
"w_RF","KM",200,1000,30,0.535937245625168,0.334594928880643,0.613069470212327,0.0409148682534349,0.0702098851343311,0.0101231570374334,0.0922561008880459,0.000338976987170669,0.0757126180734116,0.00938723906101324,-0.0877099191206241,-0.133697590557621
"w_RF","Cox",200,1000,30,0.550930340473271,0.450166975881262,0.654504225932797,0.0989532977305723,-0.0702737266757384,-0.00105898013869132,0.213936688422533,0.0450892082026199,0.120677595972684,0.0235347426417225,-0.436300258308116,-0.12786667233656
"w_RF","RSF",200,1000,30,0.547366462557686,0.412442795299938,0.643578643578644,0.122113716654942,-0.0441550808215285,0.00593509058137487,0.170128714646212,0.0252393066513332,0.110089289662605,0.0196049363879256,-0.350601853565981,-0.122562543415204
"w_gam","KM",NA,1000,30,0.525532449783986,0.191008039579468,0.560296846011132,-0.705187077489327,0.145275236440112,0.00239538736403189,0.0646539471513055,-0.0339249571066282,0.0883566769771133,-0.00841301295524688,0.125994746566392,-0.132121985747658
"w_gam","Cox",NA,1000,30,0.540395969207563,0.33047619047619,0.61245104102247,-0.356886431079409,-0.07855850237044,-0.0404305845826467,0.13308964642365,-0.0019209292643434,0.0717560046720166,-0.0147563815021634,-0.36550276023886,-0.145757665317026
"w_gam","RSF",NA,1000,30,0.534064493121981,0.256660482374768,0.5856524427953,-0.404997000334597,-0.0132080316410257,-0.0211953380773011,0.11710626280525,-0.016031674547847,0.0811638319295576,-0.00965584248111551,-0.213473967831338,-0.137404826290033
"RSF_regression",NA,100,NA,30,0.54999673292733,0.384291898577613,0.632034632034632,0.182310714445792,-0.0853640639655199,0.00530960633682331,0.149714604495954,0.0364312367766543,0.0730939464730118,0.0203305077693219,-0.460182410987547,-0.169882729458696
"RSF_regression",NA,200,NA,30,0.553500806800827,0.43308596165739,0.651412079983509,0.193689843199267,-0.0769653593163646,0.0082233889437503,0.172929152310214,0.0401238343385937,0.0976048900261262,0.0237678831715373,-0.466030771677607,-0.166703196628624
"Cox_regression",NA,NA,NA,30,0.557255171665288,0.499554730983302,0.67408781694496,0.237685241766352,-0.084058396942545,0.00775733413801438,0.133136936839152,0.0272602793713214,0.0596971983067443,0.0160175096857617,-0.480311539432503,-0.170127112017238
